['Deluxe Villa']|villa-winson
[]|inspire-villas-by-favstay
['Villa with Private Pool', 'Four-Bedroom Villa with Private Pool', 'Villa with Garden View']|boutique-resort
[]|glam-habitat-hotel
['Three-Bedroom Villa with Private Pool']|villa-140
['Villa with Private Pool']|villa-bua-savan
['Villa']|nice-villa
['One-Bedroom Villa', 'Villa with Garden View', 'Villa with Garden View']|villa-arunsi-patong
['Two-Bedroom Townhouse']|phuket-beach-pool-villas
[]|ban-elephant-blanc
['Villa with Private Pool']|villa
[]|aqua-villa-no--5
['Villa with Private Pool']|villa-kuta-by-holiplanet
['Villa with Private Pool']|villa-bukit-by-holiplanet
[]|seventh-villa
['Two-Bedroom Villa']|villa-susu-by-holiplanet
['Villa with Sea View']|7-bedrooms-villa-with-seaview
['Villa with Private Pool']|villa-lovina-by-holiplanet
['Two-Bedroom Villa']|the-residence-villa-2-bedroom
['Three-Bedroom Villa']|residence-villa-3-bedroom
[]|ratchamaka-by-zen-villa
[]|baba-beach-club-hotel-phang-nga
[]|kinnaree-loch-palm-golf-villa-by-chattha
['Semi Suite', 'Suite', 'Executive Suite']|the-screen
[]|kyoyado-usagi
['Two-Bedroom Suite', 'One-Bedroom Suite']|small-luxury-ryugin
[]|hanakago
[]|acqua-pulita
[]|kyomachiya-stay-waka-fushimi-inari
[]|tasaki-ya
[]|kyoisuke-mukadeyacho
['Japanese-Style Townhouse - Non-Smoking']|kamohan
[]|kyoto--yadomachi--kamishichiken
[]|kyoto--yadomachi¡¡wakamiyagojo
[]|villa-incognito
[]|serendipity-kyoto
[]|theatre-and-library-residence--kyoto-imagumano-
['Holiday Home']|oyado-shogoin
['Holiday Home']|coto-fushimi
['Holiday Home']|jizo-house
[]|rinn-rokujo-machiya
[]|guest-house-sowaka
['Family Room with Shared Bathroom', 'Three-Bedroom House', 'Triple Room with Toilet', 'Dormitory Room']|kyoto-guesthouse-oyado-kei
[]|rakurakudai-koutouen
[]|kyoto-fushimi-guest-house
[]|jq-villa-jurakutei
['Japanese-Style Townhouse']|ichiyo-an
[]|tateru-ann-ontomocho
[]|rinn-murasakino
[]|rinn-harikoji-58
['Japanese-Style Townhouse']|garakuan
['Two-Bedroom Suite']|yadoya-aoi
['Japanese-Style Townhouse']|hosta-nijo-aoi
[]|guest-house-hanalei
['Japanese-Style Townhouse']|rinn-fushimiinari
['Japanese-Style Townhouse']|koto-hananobou
[]|gion-no-yado
['Three-Bedroom House']|aya-inn-karasuma-gojo
[]|bna-gallery
['Japanese-Style Townhouse']|funaoka-an
['Japanese-Style Townhouse']|kumano-house
['Japanese-Style Townhouse']|kyo-machiya-no-yado-bettei-butsuguyacho
[]|koume-no-hanare
[]|family-house-in-demachiyanagi-25
[]|bb-2-bedroom-private-house-in-marutamachi
[]|pt-demachiyanagi-2-br-private-house
[]|pt-fushimi-inari-2-br-private-house-2
[]|guest-house-mieiken-5
[]|lp-3-bedroom-house-near-ginkakuji
['Japanese-Style Townhouse']|hakuto
[]|th-2-bedroom-house-near-nijo-castle
['Japanese-Style Townhouse']|kyomachiyanoyado-794inn-kiyomizu-gojo
['Japanese-Style Townhouse']|hananoya-bettei
[]|kumomachiya-gion-holiday-house
[]|kyoto-gojo-fairyland
[]|sankara-hotel-spa-yakushima
['Junior Suite with Sea View']|four-season-pension
[]|jeju-pent-house
[]|eco-suites
[]|pineville-pension
[]|guroomi
[]|jeju-nandere-pension
[]|weandme-pension
[]|luna-in-pension
[]|special-pension
[]|somerset-shinhwa-world
[]|haemaji-pension
[]|pelichae-pension
[]|jungmun-sunrise-hotel
[]|sweet-salt-pension
[]|sea-walk-pension
[]|saint-four-golf-resort
[]|nemo-pension
[]|aewol-paradise-pension
[]|baseball-village-pension
[]|seabiyang-village-pension
[]|halla-and-tom
['Three-Bedroom House', 'Three-Bedroom Townhouse']|windstone-pension
[]|log-park-holiday-hotel
[]|right-now-pension
[]|island-ssanta-private-pension
['One-Bedroom Suite', 'Room Selected at Check In', 'Two-Bedroom Suite']|wyndham-waikiki-beach-walk
[]|valeria-mini-hotel
[]|paradise-road-tintagel
['Suite', 'Suite']|residence-by-uga-escapes
[]|lake-villa
['Villa with Private Pool']|villa-bolgoda
['Three-Bedroom Villa']|lv29
['Apartment with Balcony']|mango-villa
[]|zoetry-villa-rolandi-isla-mujeres-all-inclusive
[]|sunset-royal-beach-resort-all-inclusive
['Apartment']|departamentos-villas-capdeviel
['Villa with Private Pool (4 Adults)', 'Villa with Private Pool']|jusandi
[]|the-seven-stars-resort
[]|springbrook-mountain-manor
['Three-Bedroom Cottage', 'One-Bedroom Suite with Spa Bath', 'Studio']|aaronlee-retreat
[]|tambaridge-bed-breakfast-gold-coast
[]|ruffles-lodge-and-spa-victoria-valley
['Rose One-Bedroom Suite', 'Gumnut Two-Bedroom Cottage', 'Lyrebird One-Bedroom Suite']|hillside-country-retreat
[]|meriton-suites-southport
['Two-Bedroom Villa']|midori-villa-2
['Two-Bedroom Villa']|midori-villa-1
[]|tranquility-cove-broadbeach
[]|la-casa-sirena-mermaid-beach
[]|ombak-villa
[]|sea-resort-private-unit-langkawi-lagoon
[]|white-lodge-vacation-home
[]|d¡¯coconut-villa
[]|holiday-apartment-at-kondo-istana
['Villa with Sea View']|langkawi-m-villa
[]|dvilla-guesthouse
[]|langkawi-lagoon-resort-honeymoon-suite-by-de-lagoon
[]|may-vacation-home
[]|jay¡¯s-homestay
[]|nas-guesthouse
['Seaview Private Pool Villa']|baan-ling-noi
[]|tango-luxe-samui-beach-villa
['Four-Bedroom Villa with Private Pool', 'Four-Bedroom Villa', 'Royal Private Pool Suite', 'Honeymoon Suite', 'Two-Bedroom Villa with Private Pool (4 Adults)', 'Three-Bedroom Villa with Private Pool (6 Adults)', 'Three-Bedroom Villa with Private Pool (8 Adults)']|paradise-island-estate
[]|replay-pool-villa-samui
['Two-Bedroom Villa', 'Samui Suite', 'Heritage Suite']|samui-heritage-resort
['Deluxe Garden Villa', 'Deluxe Villa with Pool View', 'Royal Villa with Pool View']|bhumlapa-garden-resort
[]|samui-boat-lagoon
[]|the-fine-place-samui
['Family Two-Bedroom Suite', 'Studio Apartment']|chaweng-lakeview-condotel
[]|samui-baan-sukreep-resort
['Standard Twin Room with Balcony', 'Deluxe King Studio', 'Standard Double Room with Balcony']|garden-home-samui
['Beach Garden Single 1 Bedroom', 'Beach Front Single 1 Bedroom', 'Lower on the Mountain One-Bedroom Villa', 'One-Bedroom Mountain Villa', 'Two-Bedroom Beach Garden Villa', 'Two-Bedroom Mountain Villa', 'Two-Bedroom Beach View Villa', 'Two-Bedroom Beach Front Villa', 'Four-Bedroom Mountain Villa']|seaview-paradise-beach-and-mountain-holiday-villas-resort
[]|x2-samui-all-spa-inclusive-resort
['Villa with Garden View', 'Villa with Sea View']|viva-vacation-resort
[]|sea-valley-hotel-spa
[]|laem-sila-resort
['Villa - Beach Front', 'Villa with Garden View']|phangka-paradise-resort
['Villa Connect', 'Villa Deluxe', 'Private Spa Bath Villa', 'Private Pool Villa', 'Villa Beach Front']|synergy-samui-resort
['Suite', 'Studio (2 Adults)']|samui-honey-suite
[]|six-senses
[]|outrigger-beach-resort
[]|sareeraya-villas-suites-samui
['Deluxe Villa with Private Pool', 'Deluxe Villa with Spa Bath', 'Deluxe Villa', 'Deluxe Pool Villa with Ocean View']|bhundhari-resort-and-spa
['Two-Bedroom Suite', 'Penthouse Suite', 'Two-Bedroom Apartment with Ocean View', 'One-Bedroom Apartment with Ocean View', 'One-Bedroom Suite - Pool and Terrence']|code
[]|saree-samui-by-the-unique-collection
[]|kanda-residences-pool-villa
[]|arayaburi-boutique-resort
['Grand Villa', 'Grand Deluxe Villa', 'Junior Suite', 'Paradise Suite Thai Style or Modern Style', 'Honeymoon Suite']|samui-paradise-chaweng-beach-resort-spa
[]|villa-seawadee-samui
[]|floral-hotel-pool-villa
[]|villa-melitta
[]|shasa-resort-residence
[]|tongsai-grand-villas
[]|executive-pool-villa-by-baan-haad-ngam
[]|lotus-samui
[]|maryoo-samui-hotel
[]|tropica-villas-resort
[]|the-villas-by-silavadee-pool-spa-resort
[]|pool-sawat-villa-samui
['Three Bed Room Coral Villa', 'Two Bed Room Deluxe Villa', 'Two Bed Room Coral Villa', 'Three Bed Room Deluxe Villa']|aqua-samui-villa-coral
[]|tides-boutique-samui-resort-spa
['Executive One-Bedroom Villa', 'Deluxe Two-Bedroom Villa', 'Executive Suite', 'Deluxe One-Bedroom Villa', 'Executive Two-Bedroom Villa']|boujis-boutique-resort
[]|kaya-mani-thai-villa-resort-samui
[]|samujana-four-bedroom-pool-villa-villa-15
[]|samujana-five-bedroom-spectacular-pool-villa-villa-20
['Three-Bedroom Villa']|astoria-villas
[]|lamai-eric-villa-samui
['Villa - Beach Front']|miskawaan-villa-gardenia
[]|villa-mojito
['Villa with Sea View']|siam-view-samui
[]|sunny-resort
['Villa with Private Pool', 'Luxury Pool Villa with Ocean View', 'Deluxe Pool Villa with Ocean View', 'Deluxe Villa with Ocean View']|bhundhari-villas
[]|villa-blue-bay
[]|the-thibault-at-design-square
[]|napa-samui-villas
['Two Bedroom Beachfront Pool Villa', 'Beachfront Pool Villa', 'Two Bedroom Sea Breeze Pool Villa', 'Sea Breeze Pool Villa', 'Two Bedroom Premier Pool Villa', 'Two Bedroom Presidential Beachfront Pool Villa']|the-pool-villas-by-peace-resort-samui
['Room Selected at Check In', 'Standard Double or Twin Room', 'Superior Double Room', 'Deluxe Double or Twin Room']|sawasdee-sea-view
[]|sea-front-pool-villas-by-the-sarann
['Deluxe Villa', 'Villa with Sea View', 'Deluxe Villa']|villa-deluxe-1br-grand-view-chaweng
['Bungalow with Patio', 'Two-Bedroom Bungalow']|khun-anna-villas
['Villa with Private Pool', 'Two-Bedroom Villa']|alexandr-j-bophut-co-ltd
[]|aumpai-luxury
['Villa with Sea View', 'Villa - Beach Front']|samui-sea-breeze-house
['Villa with Sea View']|the-retreat-4-bed-luxury-sea-view-managed-villa
['Villa']|villa-taling-ngam
['Villa']|baan-sanom
['Suite with Private Pool', 'Suite with Sea View']|the-pool-villa-by-the-passage
['Villa with Sea View']|castor-villa
['Budget Double Room']|baan-lom-talay
['Deluxe Villa']|villa-thai-tonic
[]|inasia-villa
[]|boom-bay-bungalow
['Villa with Private Pool', 'Superior Villa']|rocking-chair-pool-villa
['Villa - Beach Front']|samui-beautiful-beach-villas
['One-Bedroom Villa', 'Two-Bedroom Villa', 'Three-Bedroom House']|villamanda
['Villa with Sea View']|villa-summer-salt
[]|my-suite
['Deluxe Suite', 'Deluxe Apartment', 'Suite', 'Apartment']|le-consulat
['Villa with Sea View', 'Executive Sea View Villa', 'Villa']|bluefins-resort
[]|buena-vida-suites-capitol
[]|lancaster-hotel
[]|sta--barbara-suites
[]|rumah-highlands-hotel
[]|panorama-de-resort
['Three-Bedroom House', 'Four-Bedroom House', 'Three-Bedroom Townhouse', 'Four-Bedroom House']|rian-house
[]|hisoler-beach-resort
[]|intosan-resort
[]|amax-guest-house
[]|allure-beach-villa
[]|som-fona-adults-only
[]|aparthotel-austria-suites
[]|residence-karlova
[]|son-tra-resort-spa
['One-Bedroom Villa with Private Pool', 'Two-Bedroom Villa with Private Pool', 'Three-Bedroom Villa with Private Pool', 'Three Bedroom Dunes Villa', 'Four-Bedroom Villa with Private Pool', 'Five-Bedroom Luxury Villa with Sea View', 'Five-Bedroom Villa with Sea View']|the-ocean-villas
['One-Bedroom Lagoon Villa with Private Pool', 'Two-Bedroom Hillside Pool Villa with Ocean View', 'One-Bedroom Beach Villa with Private Pool', 'Three-Bedroom Hillside Pool Villa with Ocean View', 'Hillside Pool Villa with Ocean View']|banyan-tree-lang-co
['Three-Bedroom Villa Garden View with Private Plunge pool', 'Four-Bedroom Villa - Beach Front (4 Adults)', 'Four-Bedroom Villa with Private Lunge Pool and Ocean Access', 'Four-Bedroom Villa with Garden View (6 Adults)', 'Four-Bedroom Villa with Ocean Access (8 Adults)', 'Three-Bedroom Villa with Garden View (5 Adults)', 'Four-Bedroom Villa with Ocean Access (7 Adults)', 'Four-Bedroom Villa - Beach Front (3 Adults)', 'Four-Bedroom Villa with Garden View (7 Adults)', 'Two-Bedroom Villa with Garden View (3 Adults)', 'Two-Bedroom Villa Ocean Access with Private Plunge pool', 'Four-Bedroom Villa with Garden View (5 Adults)', 'Four-Bedroom Villa with Ocean Access (5 Adults)', 'Two-Bedroom Villa with Ocean Access', 'Four-Bedroom Villa - Beach Front (5 Adults)', 'Four-Bedroom Villa with Ocean Access (3 Adults)', 'Four-Bedroom Villa with Private Plunge Pool and Garden View', 'Three-Bedroom Villa Ocean Access with Private Plunge pool', 'Three-Bedroom Villa with Garden View', 'Three-Bedroom Villa with Garden View (4 Adults)', 'Four-Bedroom Villa with Garden View (4 Adults)', 'Two-Bedroom Villa with Private Plunge pool and Garden View', 'Two-Bedroom Villa with Ocean Access (3 Adults)', 'Four-Bedroom Villa with Ocean Access (4 Adults)', 'Three-Bedroom Villa with Garden View (3 Adults)', 'Three-Bedroom Villa with Ocean Access (3 Adults)', 'Four-Bedroom Villa - Beach Front (6 Adults)', 'Villa with Private Plunge pool - Beach Front', 'Two-Bedroom Villa Garden View with Private Plunge pool', 'Triple Room', 'Three-Bedroom Villa with Ocean Access (5 Adults)', 'One-Bedroom Villa with Garden View', 'Three-Bedroom Villa with Ocean Access (4 Adults)', 'Four-Bedroom Villa Beach Front with Private Plunge pool', 'One-Bedroom Villa with Ocean Access', 'Four-Bedroom Villa Ocean Access with Private Plunge pool', 'Three-Bedroom Villa with Ocean Access', 'Four-Bedroom Villa with Garden View (3 Adults)', 'Four-Bedroom Villa Garden View with Private Plunge pool', 'Four-Bedroom Villa - Beach Front (7 Adults)']|premier-village-danang-resort
['Villa with Sea View']|pearl-paradise-villa-danang
[]|furama-villas
[]|happy-vietnam-villa
[]|vinpearl-ocean-resort-and-villas
[]|danang-retreat-homestay
['Villa with Private Pool - Beach Front']|the-yacht-villa
['Two-Bedroom Villa']|mj-villa-the-ocean-villas
['Three-Bedroom Villa']|villa-tourane
[]|charm-ocean-villa
['Deluxe Suite', 'Standard Suite', 'Family Suite (2 Adults + 2 Children)', 'Honeymoon Suite']|petit-villa-boutique-spa
[]|encore-angkor-villa-residence
['Deluxe Twin Room with Balcony and Garden View', 'Deluxe Single Room with Balcony', 'Deluxe Double Room with balcony and Garden View', 'Suite with Balcony and Garden View', 'Family Suite']|natura-resort
['Ambassador Suite-Free Pickup', 'Private Family Villa-Free Pickup', 'Private Family Cottage-Free Pickup', 'Tropical Hollywood Twin Suite-Free Pickup', 'Botanical Suite-Free Pickup']|amatao-tropical-residence
[]|petit-temple-suite-spa
['One-Bedroom Suite', 'Two-Bedroom Suite']|chateau-d-angkor-la-residence
[]|three-rooms-angkor-orchid-secret-villa
[]|villa-nisay
[]|villa-amalia
[]|la-riviere-d--angkor
[]|tresor-d¡¯angkor-suite
[]|phum-baitang-resort
['Luxury Suite Villa-Private Pool', 'Privilege Suite Villa-Private Pool', 'Presidential Suite Villa-Private Pool', 'Royal Family Suite Villa-Private Pool']|de-sarann-villa
['Three-Bedroom Villa', 'Family Suite', 'Garden Suite', 'Two-Bedroom Villa']|isann-lodge
[]|amansara-resort
[]|tropicana-residence-resort
['Pool Villa', 'Junior Suite', 'Pool Suite']|templation-hotel
[]|java-wooden-villa-by-aic
[]|marvel-holiday-boutique
['Private Villa Two-Bedroom - Free Airport Shuttle', 'Family Suite - Free Airport Shuttle']|wooden-residence-villa
[]|marrison-boutique-spa--slor-kram
[]|peacetree-private-villas
['Deluxe suite single-Free airport pick up', 'Deluxe suite with balcony-Free airport pick up', 'Deluxe suite with terrace-Free airport pick up']|yuletong-international-firstvilla
['Premier Family Suite with Private Balcony', 'Premier Family Suite with Pool View', 'Deluxe King Suite with Private Balcony', 'Deluxe King Suite with Pool View']|cambana-residence
['Three-Bedroom Villa', 'Villa with Private Pool', 'Villa with Garden View']|annie-home
['Superior Double Room - Free Pickup', 'Deluxe Double Room - Free Pickup']|koirn-lee-boutique
[]|hailasa-villa
['Villa with Private Pool']|luxury-private-poolvilla
[]|modern-white-villa
[]|lynnaya-luxury-resort
['Villa with Private Pool']|ma-maison-khmer
[]|peacetree
[]|5-elements-boutique-hotel
[]|lace-boutique-hotel
[]|austin-heights-golf-hotel-resort
['Deluxe Villa - Double Bed', 'Grand Deluxe Villa', 'Deluxe Villa - Twin Bed']|a-little-villa
['Two-Bedroom Villa with Private Pool']|baan-malisa-villa
['Villa']|leelawadee-garden-resort
[]|nakamanda-resort-spa-krabi
[]|oscar-villa-aonang
[]|thalane-resort
[]|pimann-buri-pool-villa-resort
[]|buabaan-villa-krabi
[]|seava-house-ao-nang
['Three-Bedroom Villa with Private Pool']|baan-andaman-villa
[]|poonsiri-villa-aonang
[]|amatapura-beach-villa-1
[]|baan-manu-chang-villa
[]|the-unique-private-pool-villa
['One Bedroom Pool Villa', 'Three Bedroom Pool Villa', 'Two Bedroom Pool Villa']|alisea-pool-villas
['Villa with Private Pool']|the-best-ao-nang-villas
[]|the-nine-thipthara-klongson-resort-krabi
[]|pooltara-resort
[]|koh-klang-riverside-homestay
[]|baan-piengfah
[]|blue-nara
[]|aonang-residence
['Two-Bedroom Townhouse']|phi-phi-spirit-house
['Villa with Private Pool']|seava-private-house
['Deluxe Three-Bedroom Villa with Private Pool (6 Adults)']|villas-s-argamassa
[]|hostal-la-torre-ibiza-cap-negret
[]|vinpearl-luxury
[]|nha-trang-beach-front-apartment
[]|merperle-sunset-villa--hon-tam-island
[]|vinpearl-long-beach-villas
[]|vinpearl-golf-land-villas
[]|celina-bayfront-centre
[]|vinpearl-bay-villas
[]|d26-hotel
[]|away-hua-hin-pranburi-boutique-resort
['Family Two-Bedroom Suite', 'Garden Villa (Tropical Village)', 'Beach Front Villa (Tropical Cottage)', 'Beach Front Suite (Loft Suite)', 'Beach Front Pool Villa (Vanilla Suite)']|la-a-natu-bed-bakery
['Villa', 'Deluxe Villa']|pranburi-cabana-resort
[]|ruenkanok-thaihouse-resort-hua-hin
[]|the-hen-hua-hin
[]|zea-za-garden-hua-hin
[]|paradee-resort-hua-hin
[]|movenpick-asara-resort-spa-hua-hin
['Two-Bedroom Villa (3 Adults)', 'Two-Bedroom Villa (2 Adults)', 'Two-Bedroom Villa (4 Adults)', 'Three-Bedroom Villa (3 Adults)', 'Three-Bedroom Villa (4 Adults)', 'Three-Bedroom Villa (2 Adults)', 'Three-Bedroom Villa (6 Adults)', 'One-Bedroom Villa with Private Pool', 'Three-Bedroom Villa (5 Adults)']|v-villas-hua-hin
[]|kiri--nakara-villa-hua-hin
[]|the-spirit-hua-hin-resort
['Three-Bedroom Suite', 'One-Bedroom Villa - Beach Front', 'Two-Bedroom Villa Beach Front', 'One-Bedroom Grand Suite', 'Two-Bedroom Grand Suite', 'One-Bedroom Pool Villa', 'Two-Bedroom Pool Villa', 'Three-Bedroom Pool Villa', 'Royal Suite']|the-verona-hua-hin
[]|baan-nara-village-pool-villa-by-kanta
['Suite Villa with Private Pool', 'Duplex Villa with Private Pool', 'Villa with Private Pool']|sheraton-hua-hin-pranburi-villas
[]|milano-hua-hin-hotel
[]|v-exclude-at-casa-seaside-holiday-house
[]|black-mountain-hua-hin-resort
['Villa with Private Pool']|kabantamor-resort-hua-hin
[]|sivana-gardens-pool-villas-hua-hin
[]|baan-sanpleum-beachfront-condominium
['Villa', 'Three-Bedroom Villa', 'Standard Villa']|marisa-villa-huahin
['Three-Bedroom Townhouse']|baan-pleon-view-by-ratcharin
['One-Bedroom Villa', 'Villa']|khao-tao-lake-and-beach-villas
[]|the-royal-princess-hua-hin-by-montana
['Deluxe Double Room with Sea View', 'Double or Twin Room with Balcony', 'Suite with Sea View', 'Family Room with Garden View', 'King Room with Sea View']|bc-summer-beach
[]|whiterose-poolvilla
['Three-Bedroom Townhouse']|baan-rao
['Villa with Private Pool']|avaron-pool-villa
['Villa with Private Pool']|ban-prew-lom
['Villa']|we-villa-by-favstay
['Villa with Private Pool']|blue-sky-pool-villa
['Three-Bedroom Villa', 'Two-Bedroom Villa']|pool-villa-by-g
['Villa with Private Pool']|baan-punna2-hua-hin-pool-villa
['Villa with Private Pool']|baan-punna-hua-hin-pool-villa
['Villa with Private Pool', 'Two-Bedroom Villa', 'Deluxe Villa', 'Three-Bedroom Villa']|the-legacy-huahin-pool-villa
['One-Bedroom Villa', 'Superior Villa', 'Villa with Private Pool', 'Deluxe Villa']|boatlodge-poolvilla-hua-hin
[]|takiab-beach-pool-villa
['Three-Bedroom Villa']|pitchayapa-hua-hin-pool-villa-holiday
['Standard Double Room']|maui-banyan-vacation-club
[]|the-westin-nanea-ocean-villas--ka-anapali
['One-Bedroom Villa', 'Two-Bedroom Villa']|paniolo-greens-resort
[]|holua-resort
['Two-Bedroom Suite', 'One-Bedroom Villa']|kona-coast-resort
[]|marriott¡¯s-waikoloa-ocean-club
[]|conrad-rangali-island-maldives
[]|vivanta-by-taj-coral-reef-maldives
[]|sun-aqua-vilureef-maldives
['One-Bedroom Water Pool Villa', 'One-Bedroom Water Villa', 'One-Bedroom Beach Villa', 'One-Bedroom Beach Pool Villa']|the-residence-maldives
[]|royal-island-resort-spa-maldives
['Water Villa', 'Beach Villa', 'Semi Detached Beach Villa', 'Special Offer - Sunset Beach Villa (Two Nights) & Sunset Water Villa (Two Nights)', 'Beach Villa Suite']|medhufushi-island-resort
[]|lily-beach-resort-spa-maldives
[]|kuramathi-maldives
[]|jumeirah-vittaveli-maldives
['Superior Villa', 'Water Villa', 'Deluxe Villa']|filitheyo-island-resort
['Sunset Ocean Suite with Private Pool', 'Beach Suite with Private Pool', 'Ocean Villa with Private Pool', 'Royal Suite with Private Pool', 'Garden Villa', 'Sunset Family Ocean Suite with Pool', 'Sunset Beach Suite with Private Pool', 'Beach Villa with Private Pool', 'Sunset Lagoon Suite with Private Pool']|ayada-maldives
[]|adaaran-prestige-vadoo-maldives
[]|adaaran-prestige-water-villas-maldives--premium-all-inclusive
[]|atmosphere-kanifushi-maldives-a-premium-all-inclusive-resort
['Beach Villa', 'Special Offer ¨CBeach & Over Water Villa Experience', 'Water Villa', 'Two-Bedroom Villa with Private Pool']|maafushivaru-maldives
['Sunset Beach Villa', 'Garden Villa', 'Junior Honeymoon Water Villas', 'Pool Villa', 'Beach Villa', 'Water Villa']|vakarufalhi-island-resort
[]|cheval-blanc-randheli-maldives
[]|oblu-by-atmosphere-at-helengeli-all-inclusive-maldives
[]|clubmed-fino-maldives
[]|herathera-island-resort
['Lagoon Over Water Villa', 'Beach Suite', 'Beach Villa', 'Lagoon Suite with Private Pool', 'Lagoon Over Water Suite', 'King Room', 'Two-Bedroom Beach Suite with Private Pool', 'King Room', 'Family Beach Villa', 'Beach Suite Pool']|cocoon-maldives
[]|finolhu-maldives
[]|mercure-kooddoo-resort-maldives
[]|kudafushi-resort-spa
['Earth Family Suite with Pool - 2 Bed Room', 'Earth Villa - Beach Front', 'Wind Villa - Over Water', 'Wind Villa with Pool - Over Water', 'Earth Villa with Pool - Beach Front', 'Ozen Water Suite - 3 Bed Room Over Water Villa']|ozen-by-atmosphere-at-maadhoo
['Water Pool Villa', 'Ocean Residence', 'Beach Residence', 'Beach Pool Villa']|milaidhoo-island-maldives
[]|amaya-kuda-rah-maldives
['2 Nights Beach Villa & 2 Nights Water Villa', 'Water Villa', 'Beach Villa']|drift-thelu-veliga-retreat
[]|ancasa-residences
[]|beyond-resort¨C-adults-only
['Deluxe Sunrise Suite', 'Deluxe Beach Suite']|laguna-villas-yao-noi
[]|otani-house-traditional-japanese-house-perfect-for-big-group
[]|discovery-parks-¨C
[]|pullman
[]|sandman-suites-guildford
[]|yarra-valley-chateau-yering-historic-house-hotel
['Junior Suite Superior with Spa bath (3 persons)', 'Junior Suite (4 persons)', 'Junior Suite (3 persons)', 'Junior Suite (2 Adults + 2 Children)', 'Junior Suite (2 Adults + 1 Child)', 'Junior Suite Superior with Spa bath', 'Master Suite (4 persons)', 'Master Suite (3 persons)', 'Junior Suite', 'Junior Suite with Premium All Inclusive', 'Master Suite']|villas-paraiso-del-mar
[]|casasandra-boutique-hotel
['Suite, 2 Queen Beds with Love Seat', 'Suite, 1 King Bed with Recliner and Wet Bar', 'Suite, 1 King Bed with Sofabed', 'Suite, 1 King Bed with Recliner', 'Suite, 1 King Bed with Hot Tub']|comfort-suites
['Family Double Room', 'King Room', 'Deluxe King Suite', 'Queen Room - Smoking']|bayhill-inn
[]|springhill-suites-by-marriott-international-airport
['Suite, 2 Queen Beds with Love Seat', 'Suite, 1 King Bed with Sofabed', 'Suite, 1 King Bed with Recliner and Wet Bar', 'Suite, 1 King Bed with Recliner', 'Suite, 1 King Bed with Hot Tub']|comfort-suites
[]|homewood-suites-by-hilton
[]|comfort-suites-chicago-oakbrook-terrace
[]|chicago-marriott-suites
[]|springhill-suites-downtown
[]|towneplace-suites-by-marriott-seattle-southcenter
['Double Room - Disability Access/Non-Smoking', 'King Room - Non-Smoking', 'Deluxe King Room - Non-Smoking', 'Double Room with Two Double Beds - Smoking', 'Deluxe Double Room with Two Double Beds - Non-Smoking', 'Deluxe King Room - Smoking', 'Double Room with Two Double Beds - Non-Smoking', 'King Room - Smoking']|americas-best-value-inn
[]|blue-tree-resort-at-lake-buena-vista
[]|sheraton-vistana-resort-villas
[]|quality-suites-lake-buena-vista-near-walt-disney-world
['King Suite with Sofa Bed', 'King Suite with Pool View - Sofa Bed', 'Queen Suite with Two Queen Beds and Sofa Bed - Pool View', 'Queen Suite with Two Queen Beds - Sofa Bed']|clarion-suites-maingate
['Suite, 1 King Bed with Sofabed', 'Suite, 2 Queen Beds with Love Seat', 'Suite, 1 King Bed with Recliner', 'Suite, 1 King Bed with Recliner and Wet Bar', 'Suite, 1 King Bed with Hot Tub']|comfort-suites
[]|towneplace-suites-orlando-east/ucf
['Room Selected at Check-In', 'Two-Bedroom Villa']|marriott-s-sabal-palms
['Non-Smoking Double Suite', 'Queen Suite - Disability Access/Non-Smoking', 'King Suite - Non-Smoking']|comfort-suites-airport
[]|sheraton-suites-airport-hotel
[]|bluegreen-vacations-the-fountains--ascend-resort-collection
[]|club-orlando
['Queen Suite', 'Deluxe King Suite']|buena-vista-suites
['Three-Bedroom Villa with BBQ with Hot Tub - Lake View', 'Three-Bedroom Villa with BBQ - Lake View', 'Four-Bedroom Villa with Resort View', 'Three-Bedroom Villa', 'Four-Bedroom Villa with BBQ - Resort View', 'Three-Bedroom Villa with Resort View', 'Four-Bedroom Villa with Lake View', 'Four-Bedroom Villa with BBQ - Pool View', 'Three-Bedroom Villa with BBQ - Resort View', 'Four-Bedroom Villa with BBQ -  Resort View 1', 'Three-Bedroom Villa with Hot Tub - Resort View']|magic-village-resort
[]|club-de-soleil-all-suite-resort
[]|rio-all-suite-hotel-casino
[]|vdara-hotel-spa
[]|springhill-suites-convention-center
[]|towneplace-suites-by-marriott-las-vegas
['Queen Room with Two Queen Beds', 'King Room']|sunrise-inn
[]|worldmark-boulevard
['One-Bedroom Apartment - No Resort Fees', 'Two-Bedroom Apartment - No Resort Fees']|wyndham-grand-desert
[]|polo-towers-by-raintree
[]|suites-at-mgm-signature
['One Bedroom Suite with 2 Double Beds - Non-Smoking', 'One Bedroom Suite - Non-Smoking', 'One Bedroom Suite with 1 Queen Bed - Disability Access - Non-Smoking']|extended-stay-america-las-vegas-valley-view
[]|a-a-a-hotel-suites-at-signature-condo-hotel
[]|springhill-suites-o¡¯hare
['One-Bedroom Suite', 'Executive One-Bedroom Suite', 'King Suite', 'One-Bedroom Suite with Sofa Bed']|chicago-marriott-suites-o-hare
['One-Bedroom Queen Suite', 'Queen Suite with Two Queen Beds', 'One-Bedroom King Suite', 'One-Bedroom Queen Suite - City View']|comfort-suites-michigan-avenue
[]|sonesta-es-suites-chicago-schaumburg
[]|hawthorn-suites-by-wyndham-northbrook
[]|hawthorn-suites-dulles-north
[]|comfort-suites-the-villages
['Queen Studio - Non-Smoking', 'Queen Suite - Non-Smoking', 'Queen Suite - Smoking', 'Deluxe Suite', 'Queen Studio - Smoking', 'Standard Suite']|candlewood-suites-chicago-waukegan
['Suite, 1 King Bed with Recliner and Wet Bar', 'Suite, 1 King Bed with Sofabed', 'Suite, 2 Queen Beds with Love Seat', 'Suite, 1 King Bed with Recliner', 'Suite, 1 King Bed with Hot Tub']|comfort-suites
['Suite, 1 King Bed with Recliner and Wet Bar', 'Suite, 2 Queen Beds with Love Seat', 'Suite, 1 King Bed with Recliner', 'Suite, 1 King Bed with Sofabed', 'Suite, 1 King Bed with Hot Tub']|comfort-suites
[]|the-mutiny-luxury-suites-hotel
[]|metropole-south-beach-miami
[]|marriott-s-villas-at-doral
[]|doral-inn-suites-airport-west
[]|fortune-house-hotel-suites
[]|tides-south-beach
[]|the-alexander-hotel
[]|suites-on-south-beach
[]|ramada-miami-airport-north
[]|boulan-south-beach
[]|villa-bagatelle
[]|nassau-suite-hotel
[]|bal-harbour-quarzo-hotel
[]|bethesda-marriott-suites
['King Suite with Sofa Bed', 'Double Suite with Sofa Bed']|springhill-suites
[]|residence-inn-downtown
[]|cambria-hotel-suites
[]|residence-inn-boston/andover
[]|sonesta-es-suites-boston
[]|quality-inn
[]|sonesta-es-suites-south-brunswick-princeton
['King Studio', 'One-Bedroom King Suite', 'One-Bedroom Double Suite', 'Two-Bedroom King Suite', 'Two-Bedroom Suite']|sonesta-es-suites
['Queen Room - Disability Access/Non-Smoking', 'Queen Room - Non-Smoking', 'Queen Room - Smoking', 'Double Room with Two Double Beds - Smoking', 'Double Room with Two Double Beds - Non-Smoking', 'Standard Double Room with Two Double Beds', 'King Suite', 'Standard Queen Room', 'Deluxe King Suite']|days-inn-east-windsor
[]|residence-inn-capital-beltway
['Suite, 2 Queen Beds with Love Seat', 'Suite, 1 King Bed with Sofabed', 'Suite, 1 King Bed with Recliner', 'Suite, 1 King Bed with Recliner and Wet Bar', 'Suite, 1 King Bed with Hot Tub']|comfort-suites
[]|ramada-inn-/-napa-valley-area
[]|cambria-hotel-suites-downtown
[]|days-inn-quantico
[]|comfort-suites-near-potomac-mills
['King Suite with Sofa Bed', 'Double Suite with Sofa Bed']|springhill-suites
[]|springhill-suites-southwest
[]|springhill-suites-orlando-north/sanford
[]|red-lion-inn-and-suites
['Queen Room with Two Queen Beds - Disability Access/Non-Smoking', 'Queen Suite - Non-Smoking', 'King Room - Non-Smoking', 'Queen Room with Two Queen Beds - Non-Smoking', 'Deluxe King Suite', 'Deluxe Queen Room with Two Queen Beds with Ocean View - Non-Smoking', 'Deluxe King Room with Ocean view - Non-Smoking', 'Deluxe King Room - Non-Smoking', 'Deluxe Queen Suite - Non-Smoking', 'King Suite - Non-Smoking']|travelodge-ocean-front
['Non-Smoking Double Suite', 'Deluxe Suite', 'Non-Smoking Executive Queen Suite', 'Deluxe King Suite', 'Double Room with Two Double Beds - Disability Access/Non-Smoking', 'Double Room with Two Double Beds - Hearing Accessible', 'King Suite - Non-Smoking', 'King Suite - Disability Access/Non-Smoking', 'King Room - Disability Access/Non-Smoking', 'Premium Queen Room - Non-Smoking']|embassy-suites-san-francisco-airport-south-san-francisco
[]|aka-white-house
['King Plus Suite with Sofa Bed', 'King Suite with Sofa Bed']|the-district-by-hilton-club
[]|embassy-suites-by-hilton
[]|homewood-suites-by-hilton-downtown
['Suite, 1 King Bed with Recliner and Wet Bar', 'Suite, 1 King Bed with Sofabed', 'Suite, 1 King Bed with Recliner', 'Suite, 2 Queen Beds with Love Seat', 'Suite, 1 King Bed with Hot Tub']|comfort-suites
['Queen Room with Two Queen Beds - Non-Smoking', 'Queen Room - Non-Smoking']|super-8
[]|maritim-konferenzhotel
['Deluxe Room', 'Junior Suite', 'Kiroro Suite', 'Superior Room', 'Deluxe Room', 'Mountain Suite', 'Japanese Room', 'Superior Triple Room', 'Oriental Suite', 'Deluxe King Room with Bath View', 'Standard Twin Room', 'King Suite']|kiroro-resort
[]|kylin-mountain-villajeju
[]|jeju-cuny-pension
[]|pureunbada-pension-jeju
['Three-Bedroom Townhouse']|sanbangsan-morning-pension
['Three-Bedroom Townhouse']|bagumji-pension
[]|muang-thong-home-for-rent
['Junior Suite', 'Room Selected at Check In', 'Executive Suite', 'Junior Suite (Twin Beds)', 'Premier Suite', 'Studio Suite']|ktk-regent-suite
['Junior Suite', 'Studio', 'One-Bedroom Suite']|the-monaco-residence
[]|the-paradise-residence-condo-1
[]|vattui-beach-villa-jomtien
[]|sea-two-pool-villa-resort
[]|the-ville-jomtien-pool-villa-resort
[]|the-a-a-residence
['Pavilion Double Room', 'One-Bedroom Villa B', 'Pavilion Double Room with Pool Access', 'One-Bedroom Villa A']|long-beach-pavilion
['Three-Bedroom House']|unique-paradise-resort
[]|arabella-villas
[]|tortuga-villas
['Two-Bedroom Villa']|baan-chai-nam
[]|weekend-villa-dharawadi-exclusive-private-pool-villa
[]|the-monttra
[]|vip-villas-green-residence-jomtien-beach
[]|naklua-pool-villa-by-sunny-rentals
[]|vip-villas-tropicana-jomtien-beach
['Superior Four-Bedroom Villa with Private Pool and Hot Tub - Sweet Villa', 'Deluxe Three-Bedroom Villa with Private Pool and Hot Tub - Sweet Villa', 'Six-Bedroom Villa with Private Pool', 'Deluxe Four-Bedroom Villa with Private Pool - Sweet Villa']|grand-siam-villa
['Superior King Room', 'Deluxe Double Room', 'Suite']|bueng-bua-thong-resort
[]|pattaya-villa
[]|the-ville-pool-villa-jomtien
[]|grand-condo-orchid-pool-villa
['Villa with Private Pool']|grand-condo-lotus-pool-villa
[]|at-home-resort
[]|sweet-villa
['Villa with Private Pool', 'Villa with Private Pool', 'Villa with Private Pool']|cartoon-network-paradise-villa
[]|nowhere-villa
[]|long-beach-luxury-villas
[]|debonair-grand-villa
[]|cetus-beachfront-panorama-seaview
[]|club-apartments
[]|hide-land-the-luxurious-tropical-villa
[]|seaview-homes
[]|rammantra-bangsaray
[]|dream-villas-by-walking-street
['Villa']|momo-cosy-villa-3-bedroom-near-walking-street
[]|trend-apartment-suite
['Three-Bedroom Townhouse']|beverly-hills
['Villa']|grand-condo-jasmine-pool-villa
[]|house-by-the-sea
['Villa with Private Pool']|khun-mai-villa
[]|chonsky-homestay
[]|chill-pool-villa
[]|jk-marine-sea-and-fishing
[]|adare-pool-villas-1
[]|baan-cha-lier-sook-bangsaray
['Two-Bedroom Villa']|thaillywood-palace
[]|cocka2-bar
[]|condo-atlantis-by-chutiyaorn
['Three-Bedroom Villa', 'One-Bedroom Villa', 'Three-Bedroom Villa']|the-three-elephants
[]|best-villa-with-jacuzzi-and-pool-in
[]|varee-paradise-villa
[]|vip-villas-pool-villa-phratamnak
[]|3br-pool-bbq-holiday-cottage-thepprasit-by-grandisvillas
['Villa with Private Pool']|villa-la-majestic
[]|bannrommai-sattahip
[]|baan-klang-dao-resort-(sattahip)
[]|view-talay-5c
['One-Bedroom Apartment', 'Two-Bedroom Apartment']|bbg-seaside-luxurious-service-apartment
[]|j-town-serviced-apartments
[]|iyarintara-resort-chiang-mai
['Luxury Two-Bedroom Suite', 'Luxury Two-Bedroom Villa with Private Pool', 'Luxury One-Bedroom Suite', 'Comfy Studio']|veranda-high-residence
['Family Two-Bedroom Suite', 'Two-Bedroom House', 'Mountain Suite villa']|jirung-health-village
['One-Bedroom Villa']|dhabkwan-resort-and-spa
[]|baan-fern-talay-cha-am
[]|sunvillas-hua-hin-blue-lagoon
[]|the-residence-hua-hin-pool-villa
['Two-Bedroom Villa', 'Three-Bedroom Villa']|zea-za-village
[]|nattagan-resort
[]|cha-am-pool-villa
['Two-Bedroom Villa', 'Two-Bedroom Villa']|teddy-bear-villa-hua-hin
[]|baan-powpool
[]|blue-sapphire
[]|baan-siriporn-resort
['One-Bedroom Villa with Private Pool', 'Honeymoon Package at One-Bedroom Villa with Private Pool', 'One-Bedroom Villa']|aishwarya-exclusive-villas
[]|trinity-gardens
[]|kubu-alas-tunggal-villa
['Two-Bedroom Villa', 'Villa with Private Pool', 'Suite with Shared Pool', 'Three-Bedroom Villa']|villa-chunga-changa-kuta
[]|iberostar-grand-hotel-el-mirador-adults-only
[]|iberostar-grand-hotel-salome-adults-only
[]|zafiro-palace-alcudia
[]|santos-ibiza-suites
[]|bon-sol-prestige
[]|comfort-inn-suites
[]|fp-house-in-osaka-k
[]|ao-private-whole-house-j17
[]|the-green-terrace
[]|villabu-resort
['Villa with Private Pool']|konpeki-the-villa-all-suite
[]|villa-hills-resort-okinawa
['Twin Suite', 'Double Suite']|panorama-ocean-view-cottage
[]|one-suite-hotel-and-resort-kouri-island
['Villa with Sea View']|mukaka-villa
[]|la-casita-kouri
[]|villa-nagomi
['Villa with Private Pool']|bang-saray-pool-villa-by-pattaya-sunny-rentals
[]|pom-pom-island-resort-spa
[]|fanny-vacation-home
[]|koh-jum-beach-villas-krabi
['Deluxe Villa', 'Junior Suite', 'Beach Front Pool Villa']|the-beach-boutique-resort
['Queen Room with City View', 'Queen Room with Pool View', 'Queen Room with Two Queen Beds with City View', 'Queen Room with Two Queen Beds with Pool View', 'Executive Suite', 'Executive Deluxe Suite', 'Queen Suite', 'Deluxe Queen Suite', 'King Suite']|coral-reef-inn-condo-suites
['One-Bedroom Suite with Pool View', 'One-Bedroom Suite with Scenic View', 'Standard One-Bedroom Suite', 'One-Bedroom Suite with Mountain View', 'One-Bedroom Suite with Garden View']|plantation-hale-suites
['Three-Bedroom Villa', 'One-Bedroom Apartment', 'Two-Bedroom Apartment']|wyndham-bali-hai
['Deluxe Room', 'Premium King Room', 'Standard Room', 'King Suite']|boracay-west-cove
[]|the-sitio-villas-suites
[]|monaco-suites-de
[]|mandala-spa-and-villas
['Studio', 'Two-Bedroom Apartment', 'Two-Bedroom Suite', 'Three-Bedroom Apartment - Penthouse', 'Pool Suite', 'The View Two-Bedroom Suite', 'Sky Blue Three-Bedroom Suite']|tanawin-resort-luxury-apartments
['Bunk Bed in Mixed Dormitory Room', 'Junior Suite', 'Two-Bedroom Suite', 'Two-Bedroom Apartment - Penthouse']|zoe-mei-resort
[]|cohiba-villas-apartment
['Queen Studio', 'Queen Room', 'Budget Double Room', 'Queen Studio', 'Budget Double Room', 'Budget Double Room']|gemtalk-suites
[]|boracay-amor-apartments
['Double Room with Two Double Beds - Non-Smoking', 'Queen Room - Non-Smoking/Pet Friendly', 'Double Room with Two Double Beds - Smoking', 'Queen Room - Disability Access/Non-Smoking', 'Queen Suite with Sofa Bed - Non-Smoking', 'Double Room with Two Double Beds - Non-Smoking/Pet Friendly', 'Queen Room - Non-Smoking', 'Queen Room - Smoking']|super-8-stroudsburg
[]|best-western-premier-saratoga-resort-villas
['Standard Suite', 'Deluxe One-Bedroom Suite', 'Three-Bedroom Villa']|star-island-resort-and-club
[]|bahama-bay-resort-by-wyndham-vacation-rentals
[]|regal-oaks-a-clc-world-resort
[]|hotel-thesoom-forest
[]|alanta-villa-krabi
[]|baan-kantiang-see-villa-resort-krabi
[]|baan-laanta-resort-spa-krabi
['Studio SAKURA with Pool-Side Balcony', 'Superior Double Room with Pool-Side Patio - Nostalgia or Zen', 'Double Room with Pool-Side Porch - Cosy', 'Double Room with Pool-Side Porch - Bliss', 'Studio with Garden View Patio - Tokyo', 'Two-Bedroom Bungalow with Pool-Side Porch - Folks', 'Villa with Pool-Side Porch']|escape-cabins
[]|chalaroste-lanta-the-private-resort
[]|nuibay-sunset-villa-7
[]|seagull-villa-bungasaree
['Villa with Sea View', 'Villa - Beach Front']|the-other-side-villas
[]|sanggaou-seafood-restaurant-and-bungalows
[]|penn-sunset-villa-12
[]|ayres-hotel-fountain-valley/
[]|ayres-hotel
['Two-Bedroom Villa with Balcony']|marriott-s-newport-coast-villas
[]|best-western-plus-irvine-spectrum-hotel
[]|ayres-hotel-and-spa
[]|dolphin-s-cove-resort
[]|stanton-inn-suites
[]|great-wolf-lodge-southern-california
[]|puente-romano-beach-resort-spa
[]|sol-house-costa-del-sol-mixed-by-ibiza-rocks
[]|eurostars-golf-spa
[]|holiday-world-premium-resort
['Luxury Suite', 'Two-Bedroom Apartment with Sea View (4-5 Adults)', 'One-Bedroom Apartment with Sea View and Terrace (2-4 Adults)']|apartamentos-stella-maris
['Two-Bedroom Villa']|natural-village
['Hideaway Villa', 'Getaway Villa', 'Haadtien Villa', 'Castaway Beach Villa', 'Haadtien Pool Villa']|haadtien-beach-resort
['Villa with Private Pool', 'Suite - Lower Floor', 'Five-Bedroom Villa with Private Pool', 'Two-Bedroom Villa with Ocean View - Upper Floor']|monkey-flower-villas
[]|pariya-resort-villas-haad-yuan
[]|kupu-kupu-phangan-beach-villas-spa-by-l¡¯occitane
['Deluxe Suite', 'Junior Suite', 'Luxury Suite Beach Front', 'Luxury Suite Beach Front Pool Access', 'Deluxe Suite with Pool Access']|summer-luxury-beach-resort
[]|villa-360-koh-phi-phi
[]|okinawa-the-uza-terrace-beach-club-villas
[]|clove-hall-boutique-guesthouse
[]|desa-pelangi-condo-penang
[]|chymes-hotel
['Deluxe Suite', 'Junior Suite', 'Studio Suite', 'Premier Suite Two-Bedroom']|the-northam-all-suite-penang
['Courtyard Duplex Suite', 'Skywell Suite', 'South Duplex Suite', 'North Studio Suite']|you-le-yuen
[]|atserene-boutique-villas-batu-ferringhi
[]|batu-ferringhi-shamrock-beach-villas--penang
[]|atserene-boutique-villa-11
[]|luxfort-118-service-suites-penang
[]|shamrock-beach-penang-villa-20
[]|shamrock-beach-villas-batu-ferringhi-penang
[]|rangoon-residence-penang
[]|penang-the-one-hilltop-sea-view-villa
[]|vouk-suites-mansion-one--penang
[]|homeaway-townhouse-1934-penang
[]|tropics-eight-suites-penang
['Lagoon Villa', 'Rainforest Villa', 'Ocean Villa', 'Palm Villa']|gayana-eco-resort
['Superior Villa', 'Deluxe Villa', 'Villa with Private Pool', 'Two-Bedroom Deluxe Suite']|bunga-raya-island-resort-spa
['One Bedroom Sea View Spa Suite', 'Two Bedrooms Sea View Spa Suite', 'Two Bedrooms Sea View Pool Villa', 'Three Bedrooms Sea View Pool Villa', 'Two-Bedroom Beach Front Pool Villa']|borneo-beach-villas
[]|marina-travellers-suite-at-sky-karamunsing
[]|qq-boutique-service-apartment
[]|sabah-beach-villas-suites
[]|brasil-suites-boutique-hotel
[]|theoxenia-house-hotel
[]|blazer-suites-hotel
['Studio', 'Studio (3 Adults)']|andronis
['Apartment', 'Two-Bedroom Deluxe Suite', 'Maisonette', 'One-Bedroom Superior Suite']|47-luxury-suites
[]|bed-in-the-treetops-b-b
['Presidential Suite', 'Stay, Play and Spa Package - Double Room', 'Special Offer - Balcony Series - Queen Room with Two Queen Beds', 'Double Room with Balcony', 'Upper Penthouse Suite', 'Double or Twin Room with Bathroom', 'Double or Twin Room with Garden View', 'Queen Room with Two Queen Beds', 'Superior Queen Room with Two Queen Beds', 'Deluxe King Suite', 'Lower Penthouse Suite', 'Double or Twin Room with Balcony']|ramada-resort-kooralbyn-valley
[]|la-quinta-inn-suites-meadowlands
[]|la-quinta-inn-suites-deerfield
[]|best-western-plus-hotel-suites
[]|staybridge-suites-ft--lauderdale-plantation
[]|sheraton-suites--ft-lauderdale-west
[]|extended-stay-america-fort-lauderdale-plantation
[]|comfort-suites-weston
[]|extended-stay-america-fort-lauderdale-cypress-creek-andrews-ave-
['Queen Room with Two Queen Beds - Non-Smoking', 'Queen Room - Non-Smoking']|super-8
[]|quality-inn-suites-quantico
['One- Bedroom King Suite with Sofa Bed', 'Suite with Two Double Beds and Sofa Bed', 'King Suite with Sofa Bed']|washington-dulles-marriott-suites
[]|springhill-suites-reston
['King Suite with Sofa Bed', 'Double Suite with Sofa Bed']|springhill-suites
[]|hawthorn-suites-by-wyndham-allentown-fogelsville
[]|springhill-suites-chantilly
['King Suite - Non-Smoking', 'Queen Suite with Two Queen Beds - Non-Smoking', 'Standard Queen Suite with Two Queen Beds - Non-Smoking']|comfort-suites-dulles-airport
['Suite, 1 King Bed with Recliner', 'Suite, 1 King Bed with Sofabed', 'Suite, 1 King Bed with Recliner and Wet Bar', 'Suite, 2 Queen Beds with Love Seat', 'Suite, 1 King Bed with Hot Tub']|comfort-suites
[]|super-8-prince-frederick
['Loft Suite', 'Suite', 'Suite with Sea View']|isla-baja-suites
[]|hotel-som-far
['Suite Apartment', 'Suite Apartment with terrace and Sea view', 'Superior Single Room', 'Two-Bedroom Apartment', 'Three-Bedroom Apartment', 'Three-Bedroom Apartment - Cycling Package']|aparthotel-galeon-suites
[]|hotel-spa-la-quinta-park-suites
[]|ac-hotel-victoria-suites
[]|urban-district-vintage-suites
[]|retrome
[]|ainb-born-dames-apartments
[]|ainb-las-ramblas-colon-apartments
[]|luxury-suites
['Executive Package', 'Superior Apartment', 'Romantic Getaway', 'Family Apartment', 'Standard Apartment']|apartamentos-cruz
[]|hotel-las-aguilas
['Studio (1 Adult)', 'Studio (2 Adults)', 'Studio (3 Adults)', 'Studio (2 Adults + 1 Child)', 'One-Bedroom Apartment (3 Adults)', 'One-Bedroom Apartment (4 Adults)', 'One-Bedroom Apartment (2 Adults + 2 Children)', 'One-Bedroom Apartment (3 Adults + 1 Child)', 'One-Bedroom Apartment (2 Adults + 3 Children)']|apartamentos-masaru
[]|hotel-tropical
[]|hotel-diamante-suites
[]|sweet-hotel-masia-de-lacy
['Standard Single Room', 'Superior Room', 'Deluxe Room', 'Executive Suite']|villa-rothschild-kempinski
[]|novotel-suites-paris-issy-les-moulineaux
[]|novotel-suites-paris-rueil-malmaison
[]|novotel-suites-paris-stade-de-france
[]|all-suites-appart-hotel-choisy-le-roi
[]|hotel-suite-villa-maria
['Duchess Villa with Private Pool', 'Grand Duchess Villa with Private Pool', 'Princesa Villa with Private Pool', 'Queen Villa with Private Pool', 'Majestic Villa with Private Pool', 'Royal Villa with Private pool', 'Imperial Villa with Private Pool']|royal-garden-villas
[]|days-inn
['Queen Room - Non-Smoking', 'Queen Room with Two Queen Beds - Non-Smoking']|super-8
[]|the-waterside-inn
[]|the-executive-suites
