[]|dkranji-farm-resort
['Three-Bedroom Villa', 'Ocean Suites', 'Two-Bedroom Villa', 'One-Bedroom Villa']|resorts-world-sentosa-beach-villas
[]|resorts-world-sentosa-crockfords-tower
['Premier Suite', 'Suite with Terrace', 'Superior Suite']|rabbit-carrot-gun
[]|visseringstaete
[]|canal-house-suites-at-sofitel-legend-the-grand
[]|b-b-bij-tijn-op-de-gracht
[]|empiric-mjk
[]|hotel-montaigne
[]|hotel-villa-saxe-eiffel
[]|quality-only-suites-cdg-airport-roissy-en-france
[]|novotel-suites-montreuil-vincennes
[]|goralska-residences-hotel-bastille
[]|novotel-suites-expo-porte-de-versailles
[]|hotel-splendide-royal
['Standard Suite', 'Superior Suite', 'Deluxe Suite', 'Family Suite']|louisa-s-place
[]|th-sakura-house
[]|moon-story-house-u2
[]|namba-apartment-n1005
[]|hotel-bureau-shitennoji
[]|eslead-namba-station-plaza
[]|4-bedroom-house-in-namba-dotombori
[]|osaka-entire-house-with-jacuzzi
[]|ly-private-house-near-namba
[]|benten-rooftop-house
[]|bs-family-type-house-near-namba
[]|free-parking-shin-osaka-mansion
[]|shin-osaka-traditional-japanese-house
[]|yeah-room¡ªumeda-no-1-villa
[]|royal-plaza-hotel-apartments
[]|coral-boutique-villas
[]|dream-inn-palm-villa-frond-0
[]|short-booking-four-bedroom-villa--front-d--palm-jumeirah
['Deluxe Villa']|palatial-villa-with-private-beach-on-palm-jumeirah
[]|nasma-luxury-stays-frond-m--palm-jumeirah
[]|nasma-luxury-stays-frond-l--palm-jumeirah
['Three-Bedroom Villa']|nasma-luxury-stays-frond-d-palm-jumeirah
[]|rojen-one-bedroom-beach-chalet-b
[]|dream-inn-apartments-south-ridge
[]|dream-inn-palm-villa
[]|rojen-villas-deluxe-three-bedroom-villa-b
[]|rojen-villas-deluxe-two-bedroom-villa-a
[]|rojen-villas-deluxe-four-bedroom-villa
[]|rojen-villas-deluxe-five-bedroom-villa
[]|uguisudani-grace
[]|iheyas-hotel-komagome
[]|mw-two-bedroom-cozy-private-house-in-shibuya-area
[]|tokyo-urban-life
[]|shinjuku-two-story-house
[]|tw31--huge-and-fancy-house-around-asakusa
[]|tokyo-skytree-park-square
[]|es65-3-bedroom-house-in-shinjuku-area
['Maisonette - Non-Smoking']|akihabara-broad-city-inn
[]|hotel-lala-tsukasa-(adult-only)
[]|hotel-foret-premier-nampo
[]|italian-summer-boutique-hotel-songdo
['Suite with City View', 'Suite with Mountain View', 'Suite with Sea View', 'Executive Suite']|illroy-resort
['One-Bedroom Villa with Shared Bathroom', 'Two-Bedroom Apartment with Shared Bathroom', 'Villa with Sea View', 'Four-Bedroom Apartment']|park-vill
[]|parkvill-pension
[]|fabric-wood-designers-aim-house
[]|nimb-hotel
[]|hotel-hip
[]|bbungalow-guest-house
[]|myeongdong-top-hotel
[]|xicun-168-guesthouse
[]|navi-n
[]|grand-mercure-ambassador-yongsan
[]|novotel-suites-ambassador-yongsan
[]|kiss-the-hongdae-1
[]|kiss-the-hongdae-2
['Loft']|white-duplex-hongdae
[]|sopoong-the-urban-entire-home
[]|hongdae-home-sweet-home-exit-3
[]|hanoi-emerald-waters-hotel-trendy
[]|an-lam-saigon-river-residence
[]|fusion-suites-saigon-ho-chi-minh
[]|vietnam-golf-lake-view-villas
[]|the-cadillac-riverside-suites-phnum-penh
[]|residia-at-silvertown
[]|villa-de-la-paix-boutique-hotel-spa
['Two-Bedroom Apartment', 'One-Bedroom Apartment']|sun-apartment
[]|valentino-s-suites-hotel
['Deluxe King Suite', 'King Suite with Balcony']|lone-star-saloon-and-guest-house
['One-Bedroom Suite', 'Two-Bedroom Suite']|the-suites-at-fisherman-s-wharf
[]|the-loft-suite-scott-garden
[]|placin-at-m-suite-embassy-row-klcc
[]|kl-city-suites-times-square
[]|ns-golden-green-serviced-suite-times-square
[]|wedgewood-residences
[]|plaza-premium-lounge-transit-hotel-klia2
[]|family-suites-at-bandar-utama
[]|stylish-casa-residency
[]|the-villas-at-sunway-resort-hotel-spa
[]|placin-at-marc-residence-klcc
['Deluxe Apartment', 'Superior Apartment', 'Premier Two-Bedroom Apartment', 'Superior Three-Bedroom Apartment']|setia-sky
[]|m-lux-suite
[]|holidays-service-suite-at-times-square
[]|urban-stay-perdana-exclusive-condo
[]|kl-times-suite-times-square
[]|neo-damansara-perdana-studio-suite
[]|kl-rooms-platinum-suites
[]|royal-century-resort-suites-at-bandar-sunway
['Premier Suite', 'Executive Suite', 'Executive Deluxe Suite']|mirage-residences
['Studio Apartment', 'Deluxe Apartment', 'Three-Bedroom Apartment', 'Two-Bedroom Apartment']|the-heritage-serviced-suites
[]|soho-suites-at-klcc
[]|luxury-vortex-suites-klcc
[]|yelloduck-apartments-casa-residency-condominium
['2 Bedroom Premium Suites', 'One-Bedroom Apartment', 'Three-Bedroom Deluxe Suite', 'Two-Bedroom Apartment', 'Two-Bedroom Superior Suite', 'Two-Bedroom Deluxe Suite']|pine-cone-avantas-mid-valley
['2+1 Bedroom Apartment (KLCC View)', '2+1 Bedroom Apartment (KL Tower View)']|pine-cone-vortex-klcc
[]|goldbrick-hotel
[]|daily-suites-atria
[]|the-platinum-suite
[]|nexis-suites
[]|d¡¯majestic-service-residence
[]|kl-suites-at-times-square
[]|the-chelsea-harbour-hotel
['Basic Triple Room', 'Double Suites with Kitchenette']|198-suites
['Executive One-Bedroom Suite', 'Superior One-Bedroom Suite', 'Deluxe One-Bedroom Suite', 'Two-Bedroom Suite', 'Three-Bedroom Suite']|no-5-maddox-street
[]|the-westbourne-hyde-park
[]|47-park-street-grand-residences-by-marriott
['Emperor Bonaparte Suite', 'Junior Suite with Balcony', 'Queen Hortense Suite', 'Princess Pia Suite']|residenza-ruspoli-bonaparte
['Junior Suite', 'Suite']|colosseo-studio-suite
['Luxury Suite with Spa Bath', 'Classic Suite', 'Classic Double Room', 'Superior Suite with City View']|piazza-farnese-luxury-suites
[]|roof-suite-historic-residence
[]|lifestyle-suites
[]|qt-suites-roma
['Luxury One-Bedroom Apartment', 'Luxury Suite']|the-suite
['Queen Suite', 'King Suite', 'Deluxe Suite', 'Junior Suite']|fendi-private-suites
[]|eitch-borromini-palazzo-pamphilj
['Standard Suite', 'Comfort Double Room', 'Double Room']|babbo-bed-and-breakfast
[]|days-inn-suites
[]|magic-castle-hotel
[]|residence-inn-by-marriott-lax/century-boulevard
[]|residence-inn-by-marriott-los-angeles
[]|palihouse-west-hollywood
[]|backpackers-paradise
['Queen Studio with Sofa Bed', 'Two-Bedroom Suite', 'One-Bedroom Queen Suite with Sofa Bed', 'Queen Studio']|residence-inn-santa-clarita-valencia
[]|residence-inn-los-angeles-lax-/
[]|travelodge-inn-and-suites-gardena
[]|comfort-suites-near-industry-hills-expo-center
['Three-Bedroom Villa']|yi-she-ease-stay
['Executive Spa Suite', 'Standard Double Room with Balcony', 'King Suite', 'Queen Suite', 'Family Room']|victoria-house-motor-inn
[]|carlton-lygon-lodge
['Standard One-Bedroom Villa', 'Standard Family Room', 'Standard Two-Bedroom Villa', 'Deluxe Family Villa', 'Superior Two-Bedroom Villa']|crystal-brook-tourist-park
[]|accent-apartments
[]|the-lyall-hotel-and-spa
['Three-Bedroom Villa']|spotty-on-reed
[]|south-yarra-1-bedroom-apartment-near-chapel-street
[]|will-street-1-bedroom-apartment-near-flagstaff-garden
[]|the-musicians-retreat-b-b
['Two-Bedroom Villa']|townhouse-with-everything-at-your-doorstep
[]|massive-spacious-comfy-kid-friendly-home-15min-3km-to-city
['One-Bedroom Suite']|mccrae-cottage
[]|seaside-escape
['Three-Bedroom Townhouse']|boutique-stays-caulfield-central
['Three-Bedroom Townhouse']|16-beach-holiday-retreat
['Standard Double Room', 'Standard Twin Room', 'Junior Suite', 'Grand Deluxe Suite']|13-coins-airport-grand-resort
[]|bkk-lumphini-home-stay-hostel
[]|boss-mansion-residence
[]|bangkok-cnc-residence
[]|dubliner-place
[]|evergreen-place-by-urban-hospitality
['Deluxe Suite', 'Executive Family Room', 'Deluxe Family Suite', 'Executive Suite']|grand-asoke-residence-sukhumvit
[]|my-view-apartment
[]|nai-lert-residence
[]|the-celadon
[]|the-park-9-hotel
['Two-Bedroom Suite', 'One-Bedroom Suite']|the-vertical-suite
[]|kantary-house-ramkamhaeng-hotel
[]|panida-suite-hotel
[]|grand-mercure-asoke-residence
[]|omni-suites-aparts-hotel
[]|the-legacy-hotel
['Studio', 'One-Bedroom Suite', 'Two-Bedroom Suite']|the-present-sathorn
['Presidential Suite', 'Executive Suite', 'Corner Suite', 'Neo Suite']|executive-club-at-windsor
[]|seed-memories-siam-resident
[]|the-room-resort-apartment
[]|klapsons-the-river-residences
['One-Bedroom Suite']|manhattan-park-residences
[]|greenville-serviced-apartment
['Deluxe Villa', 'Family Villa with Private Pool', 'Superior Villa', 'Villa with Private Pool']|ammata-lanta-resort
[]|meyon-holidays-apartment
[]|master-suite-a-seat-boutique-hotel
[]|alinea-suites-ekamai
[]|roomme-hospitality-nang-linchee-branch
[]|137-pillars-suites
['One-Bedroom Apartment', 'Two-Bedroom Apartment']|methvanont-manor
[]|the-twelve-hotel
['King Suite with Balcony', 'Deluxe Apartment']|grand-residence
[]|lakeview-condo-service-room
[]|bb-house-mini-suite-hotel
[]|a-joy-house-kaset-nawamin-city
[]|at-21-saladaeng
[]|samsen-suites/-2-br-suites-for-less
[]|ratchayothin-villa
[]|baan-baan
[]|prince-suites-residence-managed-by-prince-palace
[]|3-rooms-10-corso-comoo
[]|isabelle-royale-hotel-paranaque-maynila
[]|maxims-hotel
[]|the-voyageurs-suite-hotel
['One-Bedroom Apartment', 'Studio Apartment', 'Apartment - Split Level', 'Two-Bedroom Apartment']|avant-serviced-suites-personal-concierge
[]|tropicana-suites
[]|csuites-at-two-central-residences
[]|azure-st--tropez-1522
[]|go-stay-acqua-residences
[]|pinecrest-one
[]|azhurniy-hotel
[]|r--lee-suite-hotel-ganseok
[]|hotel-la-tree
[]|romantic-cube-pension
[]|haenaru-pension
['Executive Suite', 'Deluxe Suite']|cambridge-suites-toronto
[]|sandman-signature-mississauga-hotel
['Standard One-Bedroom Suite with Two Twin Beds', 'Room Selected at Check-In', 'Standard One-Bedroom Suite', 'Standard Studio Suite', 'Executive Studio Suite', 'Executive One-Bedroom Suite', 'One-Bedroom King Suite with Two Sofabeds']|sunset-inn-and-suites
[]|lord-stanley-suites-on-the-park
[]|robson-suites
['One-Bedroom Apartment', 'Suite', 'Suite with Spa Bath', 'Large Suite']|the-hermitage-motel-campbelltown
[]|the-urban-newtown
[]|meriton-suites-world-tower-
[]|meriton-suites-church-street--parramatta
[]|meriton-suites-north
[]|249-clovelly-road-house
[]|105-florence-terrace-apartment
[]|1/6-perkins-way-apartment
[]|jet-flamingo-rockstar-villa
[]|beach-house-manly-apartment-2-penthouse
[]|potts-point-palace
['Standard Villa']|clyde-villas-sydney
[]|skye-hotel-suites-parramatta
[]|the-strand-by-hotel-g
['Two-Bedroom Apartment', 'Deluxe Suite with Kitchen', 'Majestic Suite with Shower', 'Majestic Suite with Bath Tub', 'Superior Studio with Kitchen']|espace-avenir-service-apartment
[]|gardenia-residence-guest-house
[]|hotel-golden-sky
[]|studio-green-palace-apartment-lin-pro-13
[]|heryson-bnb
[]|thamrin-city-residence-park-b3-mediapura
[]|apartemen-gading-nias-studio-happy-property-6
[]|studio-apartment-gading-nias-pelita-property-2
['Junior Suite', 'King Suite', 'Standard Suite']|tempo-residence-gayrettepe
['Deluxe Queen Room', 'Double Room', 'Deluxe Room', 'Family Suite']|muyan-suites
['Penthouse Suite', 'Standard Suite', 'Deluxe Junior Suite', 'Deluxe One-Bedroom Suite', 'Deluxe Two-Bedroom Family Suite', 'Penthouse Sea View Deluxe Suite', 'Executive Suite with Terrace']|turkuaz-suites-bosphorus
['Standard Suite', 'Classic Suite', 'Deluxe Suite', 'Executive Suite', 'Superior Suite']|home-stay-home-valikonagi
['Penthouse Suite', 'Standard Suite', 'King Suite', 'Superior Suite', 'Executive Suite']|home-stay-home-sisli
['Standard Suite', 'Suite-Atrium', 'Deluxe Suite', 'Superior Suite', 'Suite with Terrace']|harbiye-residence
[]|premium-residence-taksim-square
[]|g-suites-airport
['Standard Suite with City View']|serenity-suites-airport
['Two Bedroom Family Suite', 'Luxury Double Room with Sofa Bed', 'Junior Suite', 'Design Suite Room', 'Duplex Suite with Living Room', 'Panorama Suite with Terrace']|room-mate-emir
[]|cityloft-hotel-atasehir
[]|tura-apartments
[]|ktk-greenville-pool-villa
['Villa with Private Pool']|siam-royal-view-44
['Villa B', 'Villa A']|wana-paradise-villa
['One Bedroom Villa', 'Two-Bedroom Villa']|lanna-boutique-village
[]|x2-chiangmai-north-gate-villa
[]|sa-nguan-malee-mansion
[]|dhara-dhevi-chiang-mai
[]|lanna-rice-barn
[]|away-phucome-villa
['Deluxe Suite', 'Two-Bedroom Suite', 'Junior Suite']|the-golden-wells-residence
[]|gin-imm-non-aoon-resort
[]|zen-oasis-villa
['Two-Bedroom Suite']|chiangmai-family-suite
[]|x2-chiangmai-south-gate-villa
[]|charamai-resort
[]|baan-boo-loo-village-chiangmai
[]|chiangmai-summer-resort
[]|chiangmai-royal-creek-hotel
[]|x2-nimman-villa
[]|central-hill-place
[]|baan-saen-fang
[]|aster-residence-chiangmai
[]|villa-88-nimman-¨C
[]|lotus-hotel
[]|sanae-hotel
[]|house-b23-at-belle-villa-resort
['Ta Chang Villa with Pool', 'Spa Villa with Pool']|chiang-mai-luxury-villa
[]|the-grand-morocc-hotel-residence
['Deluxe Triple Room', 'King Room', 'Family Room', 'Double Room', 'Triple Room', 'Superior Quadruple Room', 'Double Room with Balcony']|saeng-panya-home
[]|x2-riverside-resort
['Deluxe Suite', 'Deluxe King Suite', 'Deluxe Family Suite', 'Deluxe Quadruple Room']|le-jardin-de-maejo
['Villa']|yaya-home
[]|huan-jau-pee
['Two-Bedroom Villa']|blossom-house
['Villa with Garden View', 'Villa with Garden View', 'One-Bedroom Villa', 'Villa with Garden View', 'One-Bedroom Villa', 'One-Bedroom Villa']|free-clouds-resort
[]|nareeya-rimping
[]|anantara-service-suite
[]|hom-s-house
[]|nimit-house-no-19
['Superior Double Room', 'Junior Suite', 'Deluxe Double Room']|triple-seven-royal-suite
['Bungalow with Garden View']|happy-house-bungalows
['Deluxe Villa']|the-yellow-house-chiang-mai
[]|hotei-chiangmai
['Villa']|relax-riverside-by-favstay
[]|punyararj-garden-home
['Two-Bedroom Townhouse']|narakorn-house
[]|fig-tree-hill-resort-bayan-lepas
[]|8-boutique-by-the-sea-hotel
[]|lexis-suites
[]|the-milburn-hotel
[]|view-inn-suites-jfk-airport
[]|the-london-nyc
[]|lita-s-apartments
['Stable Studio with Full Size Bed and Kitchenette', 'Gaylord Studio with Full Size Bed and Kitchenette', 'Dakota Studio with Full Size Bed and Kitchenette', 'Surrey Studio with Full Size Bed', 'Maine Studio with Full Size Bed and Kitchenette', 'Bishop Studio with Full Size Bed and Kitchenette', 'Garden Studio with Full Size Bed and Kitchenette', 'India Studio with Full Size Bed and Kitchenette', 'Washington Studio with Full Size Bed and Kitchenette', 'Tabor Studio with Two Single Beds and Kitchenette', 'Stonewall Studio with Two Full Size Beds and Kitchenette', 'Lahore Studio with Full Size Bed and Kitchenette']|incentra-village-house
[]|les-3-bedroom-city-hideout
['Studio Suite # 1', 'Studio Suite # 3', 'Two-Bedroom Apartment', 'Two-Bedroom Duplex', 'Studio Suite # 2']|the-gallery-house
[]|mamaison-residence-izabella
[]|andrassy-thai-hotel
[]|barclay-suites
[]|540-on-great-south-motel
[]|the-devereux-boutique-hotel
['Executive Studio', 'Studio with Kitchen', 'Comfortable Studio', 'Standard Studio']|drury-motor-lodge
['Four-Bedroom Villa']|luxury-birkenhead-villa-by-the-bay
[]|matiatia-bay
['Family Bungalow']|palm-heights
[]|unique-home-devonport-two-bedrooms-sea-view
['Two-Bedroom Villa']|villa-rosa
['Two-Bedroom Villa']|villa-maria
['One-Bedroom Villa']|villa-sanctuary
['One-Bedroom Villa']|villa-solitude
['Two-Bedroom Villa']|villa-casita
['Two-Bedroom Villa']|villa-cabana
['Two-Bedroom Villa']|villa-palm-views
[]|new-market-cozy-room
['Standard Double or Twin Room', 'King Suite with Spa Bath', 'Family Suite', 'Large Family Room']|ipswich-city-motel
[]|harbourside-b-b
[]|scobie-s-boutique-bed-breakfast
['Queen Suite', 'Standard Twin Suite', 'Family Suite', 'Standard Triple Room']|beenleigh-yatala-motor-inn
[]|art-series-the-johnson-hotel
[]|56-harris-street-apartment
['Junior Suite', 'Executive Suite', 'Deluxe Suite']|residence-hilda
['Quadruple Room', 'Deluxe Double or Twin Room', 'Deluxe Suite', 'Double or Twin Room', 'Triple Room']|soggiorno-sogna-firenze
[]|leone-blu-residenza-d-epoca
['Maisonette']|apartment-san-gallo
[]|san-marco-luxury-canaletto-suites
['Junior Suite', 'Deluxe Suite', 'Iqs Suite']|charming-house-iqs
[]|suite-in-ai-carmini
[]|le-ville-del-lido-suite-residence
[]|c¨¤-dell-arte-suite
['Queen Suite with Canal View and Turkish Bath', 'Queen Suite Corner Canal View with Turkish Bath', 'Queen Suite with Garden View and Turkish Bath', 'King Suite with canal view and spa', 'Queen Suite with City View and Turkish Bath']|liassidi-wellness-suites
[]|palmerston-suites
[]|nyuh-villas
[]|lumbini-luxury-villas-and-spa
[]|bhavana-private-villas
[]|my-villas-in
['Villa with Private Pool', 'Two-Bedroom Villa with Private Pool']|villa-sahaja
['One-Bedroom Villa with Private Pool', 'Romantic Honeymoon Package']|legian-kriyamaha-villa
[]|ck-luxury-villas
[]|pondok-naya-hotel
[]|aria-exclusive-villas-and-spa
[]|arman-villas
[]|lavender-villa-and-spa
['Family Villa', 'Suite-Two Bedroom Villa', 'Two-Bedroom Villa']|yuli-bungalows
[]|grand-villa
['Deluxe Suite', 'Suite', 'Grand Deluxe Suite with Private Pool']|villa-beji-indah
[]|kori-ubud-resort-spa-restaurant
[]|ubud-syailendra-villas
['Special offer - Suite with Lunch and Dinner', 'One-Bedroom Villa with Private Pool', 'Special offer - Suite with Lunch', 'Special Offer Honeymoon Package-Suite', 'Early Booker Hot deal - Suite', 'Suite']|komaneka-at-monkey-forest
['Special offer - Premiere One-bedroom Valley Pool Villa with Lunch', 'Special Offer - Experience Komaneka at Tanggayuda and Komaneka at Keramas Beach', 'Special offer - Suite with Lunch', 'Special offer - Suite with Lunch and Dinner', 'Luxury Offer - Experience Komaneka at Tanggayuda and Komaneka at Keramas Beach', 'Special offer - Premiere One-bedroom Valley Pool Villa with Lunch and Dinner', 'Two Bedroom Pool Villa', 'Special offer - One-Bedroom Valley Pool Villa with Lunch and Dinner', 'Special offer - One-Bedroom Valley Pool Villa with Lunch', 'Courtyard Pool Villa', 'Early Booker Hot deal - Suite', 'One-Bedroom Garden Villa', 'Suite', 'One-Bedroom Valley Pool Villa', 'Premiere One-bedroom Valley Pool Villa', 'Special Offer Honeymoon Package-Suite', 'Special Offer Honeymoon Package-One-Bedroom Valley Pool Villa', 'Special Offer Honeymoon Package-Premiere One-bedroom Valley Pool Villa']|komaneka-at-tanggayuda
[]|the-samaya-ubud-villas
[]|fivelements-puri-ahimsa
['Special Offer Honeymoon Package - Pool Garden View Suite', 'One-Bedroom Villa with Garden View', 'Pool Garden View Suite']|anhera-suite-spa
['Two-Bedroom Villa with Private Pool', 'One-Bedroom Honeymoon Villa with Private Pool']|the-mahogany-villa
['Special Offer - Honeymoon Package at One-Bedroom Villa', 'One-Bedroom Villa with Private Pool', 'Two-Bedroom Villa with Private Pool']|ajanta-villa
[]|natah-bale-villa-sanur
[]|villa-the-umah-putih
[]|villa-ganesha
[]|javana-royal-villas
['Special Offer - Honeymoon Package at One-Bedroom Villa with Private Pool', 'November Sale -  Two-Bedroom Villa with Private Pool', 'Special Offer - Water Activity Package at One-Bedroom Villa with Private Pool', 'November Sale - One-Bedroom Villa with Private Pool', 'Special Offer - Cultural Package at One-Bedroom Villa with Private Pool', 'Special Offer - Spa Package at One-Bedroom Villa with Private Pool', 'One-Bedroom Villa with Private Pool', 'Two-Bedroom Villa with Private Pool']|bali-prime-villas
[]|bali-nyuh-gading-luxury-villas-and-spa
[]|the-villas-hotel-spa
[]|the-kayana-villa
[]|the-ulin-villas-spa-by-karaniya-experience
[]|athena-garden-villa-spa
['Special Offer - One-Bedroom Pool Villa with Luxury Benefits', 'Special Offer - Honeymoon Package at One-Bedroom Villa with Private Pool', 'Special Offer - Three-Bedroom Pool Villa with Luxury Benefits', 'Special Offer - Family Package at Three-Bedroom Villa with Private Pool', 'Early Booker - Hot Deal at One-Bedroom Villa with Private Pool', 'Special Offer - Family Package at Two-Bedroom Villa with Private Pool', 'Special Offer - Spa Package at One-Bedroom Villa with Private Pool', 'Early Booker - Hot Deal at Two-Bedroom Villa with Private Pool', 'Early Booker - Hot Deal at Three-Bedroom Villa with Private Pool', 'Special Offer - Two-Bedroom Pool Villa with Luxury Benefits', 'Special Offer - Tour Package at One-Bedroom Villa with Private Pool', 'One-Bedroom Villa with Private Pool', 'Two-Bedroom Villa with Private Pool', 'Three-Bedroom Villa with Private Pool']|villa-jerami
[]|mayaloka-villas
['Honeymoon Package at Imperial One-Bedroom Villa with Private Pool', 'Royal Three-Bedroom Villa with Private Pool', 'Deluxe Villa', 'One-Bedroom Villa with Private Pool', 'Two-Bedroom Villa with Private Pool', 'Two-Bedroom Royal Villa with Private Pool', 'Three-Bedroom Villa with Private Pool']|danoya-villa
[]|disini-luxury-spa-vilas
['Deluxe Suite Villa with Private Pool', 'Junior Suite Villa with Private Pool', 'Royal Suite Villa with Private Pool']|the-sanyas-suite
['One-Bedroom Villa with Private Pool', 'Special Offer - Honeymoon Package at One-Bedroom Villa with Private Pool', 'Special Offer - Family Package at One-Bedroom Villa with Private Pool', 'Two-Bedroom Villa with Private Pool', 'Special Offer - Family Package at Two-Bedroom Villa with Private Pool', 'Three-Bedroom Villa with Private Pool', 'Special Offer - Family Package at Three-Bedroom Villa with Private Pool']|the-seri-villas-seminyak
['One-Bedroom Villa with Private Pool', 'Special Offer - Honeymoon Package at One-Bedroom Villa with Private Pool', 'Two-Bedroom Villa with Private Pool']|pradha-villas-seminyak
[]|maya-sayang-private-pool-villas-spa
[]|villa-de¡¯jiwa-495
[]|uma-sapna-villa
['One-Bedroom Villa', 'Two-Bedroom Villa']|kamuela-villas-seminyak
[]|annora-villa
[]|the-khayangan-dreams-villa-seminyak
[]|the-akasha-luxury-boutique-villas
['Two-Bedroom Pool Villa with Return Airport Transfer', 'Spa Package at One-Bedroom Villa with Private Pool', 'Honeymoon Package at One-Bedroom Villa with Private Pool', 'One-Bedroom Pool Villa with Return Airport Transfer', 'One-Bedroom Villa with Private Pool', 'Two-Bedroom Villa with Private Pool']|the-jas-villas
[]|kubu-manggala-villas
['Special Offer - One-Bedroom Villa with Private Pool', 'One-Bedroom Villa with Private Pool', 'Two-Bedroom Villa with Private Pool', 'Special Offer - Honeymoon Package at One-Bedroom Villa with Private Pool']|villa-kayu-raja
[]|jas-boutique-villa
[]|chimera-villas-island
[]|the-khayangan-dreams-villa-umalas
[]|chandra-villas
['One-Bedroom Villa with Private Pool', 'Two-Bedroom Villa with Private Pool', 'Premium Two Bedroom Villa with Private Pool', 'Three-Bedroom Villa with Private Pool', 'Premium Three Bedroom Villa with Private Pool']|kembali-villas
[]|blue-karma-seminyak
['Two-Bedroom Villa with Private Pool', 'Special Offer - Free Massage at Deluxe One-Bedroom Pool Villa', 'Premier One-Bedroom Villa with Private Pool', 'Special Offer- Honeymoon Package at Deluxe One-Bedroom Villa with Private Pool', 'Special Offer - Free Massage at Premier One-Bedroom Pool Villa', 'Special Offer - Free Massage at Two-Bedroom Pool Villa', 'Deluxe One-Bedroom Villa with Private Pool']|the-one-boutique-villa
[]|space-at-villas
['One-Bedroom Villa', 'One-Bedroom Villa with Private Pool', 'Two-Bedroom Villa with Private Pool']|samaja-beachside-villas
[]|bali-ginger-suites-villa
[]|l-hotel-seminyak
['Early Booker at One-Bedroom Pool Villa with Free High Tea and Airport Transfer', 'Last Minute at Three-Bedroom Pool Villa with Free High Tea and Airport Transfer', 'Early Booker at Three-Bedroom Pool Villa with Free High Tea and Airport Transfer', 'One-Bedroom Villa with Private Pool', 'Last Minute at One-Bedroom Pool Villa with Free High Tea and Airport Transfer', 'Early Booker at Two-Bedroom Pool Villa with Free High Tea and Airport Transfer', 'Last Minute at Two-Bedroom Pool Villa with Free High Tea and Airport Transfer', 'Three-Bedroom Villa with Private Pool', 'Two-Bedroom Villa with Private Pool']|seminyak-icon
[]|dyana-villas
['Spa Pool Villa', 'Hideaway - Limited Promotion at Spa Pool Villa', 'Garden Suite Villa', 'Pool Suite Villa', 'Hideaway - Limited Promotion at Pool Suite Villa', 'Escape - Limited Promotion at Spa Pool Villa', 'Escape - Limited Promotion at Garden Suite Villa', 'Escape - Limited Promotion at Pool Suite Villa', 'Hideaway - Limited Promotion at Garden Suite Villa', 'Master Pool Villa']|jamahal-private-resort-and-spa
[]|the-beverly-hills-a-luxury-villas-spa
[]|baliku-beach-front-luxury-private-pool-villas
['One-Bedroom Pool Villa', 'Two-Bedroom Villa with Private Pool', 'Three-Bedroom Villa with Private Pool', 'Special Offer - Honeymoon Package at One-Bedroom Pool Villa']|ahimsa-beach
[]|the-wangsa-benoa
[]|the-royal-santrian-villas
['One-Bedroom Villa with Private Pool', 'Two-Bedroom Villa with Private Pool']|bumi-linggah-the-pratama-villas
[]|the-banyumas-villa
[]|indiana-kenanga-luxury-boutique-hotel-spa
['One-Bedroom Suite']|coconuts-beach-resort
[]|villa-marlee
[]|villa-nelayan-by-nakula-management-island
['One-Bedroom Villa with Private Pool']|askara-villa
['One-Bedroom Villa with Private Pool', 'Two-Bedroom Villa with Private Pool']|komea-villa
['Five-Bedroom Villa with Private Pool', 'Three-Bedroom Villa Jimbaran Bay View']|tigadis-villa
[]|mahagiri-villas-dreamland-spa
[]|agung-nirwana-villas-and-spa
[]|the-kryamaha-villas
['Honeymoon Package at One-Bedroom Villa with Private Pool', 'Superior Room', 'Deluxe Room', 'Two-Bedroom Villa with Private Pool', 'One-Bedroom Villa with Private Pool']|villa-kayu-lama
['Two-Bedroom Villa with Private Pool']|ashling-villa
['Two-Bedroom Villa']|sandi-kala-villas
['Best Deal - Garden Suite', 'Garden Suite', 'Early Booker Hot Deal - Garden Suite', 'Family Garden Suite Interconnecting', 'Terrace Suite', 'One-Bedroom Villa with Private Pool', 'Special Offer - Honeymoon Package']|onje-villa
[]|astamana-villa-canggu
[]|kishi-kishi-house
['Three-Bedroom Villa with Private Pool']|ziva-a-residence
['One-Bedroom Villa with Private Pool', 'Two-Bedroom Villa with Private Pool']|the-awan-villas
[]|the-widyas-luxury-villa
['One-Bedroom Villa with Private Pool', 'Two-Bedroom Villa with Private Pool', 'Three-Bedroom Villa with Private Pool', 'Four-Bedroom Villa with Private Pool']|the-layar-designer-villas-and-spa
['One-Bedroom Private Pool Villa with Free Daily Massage', 'One Bedroom Private Pool Villa with Sacred Valley View', 'Special Offer - One Bedroom Rice Field Pool Villa with Trekking and Massage', 'One-Bedroom Private Pool Villa with Rice Field View', 'Special Offer - One Bedroom Sacred Valley Pool Villa with Trekking and Massage', 'One-Bedroom Private Pool Villa with Free Dinner']|ubud-padi-villas
['Villa with Private Pool']|balangan-beach-villa
[]|goodway-hotel-resort
[]|nusa-dua-retreat-boutique-villa-resort-and-spa
['Premium Suite', 'Royal Suite', 'Suite', 'Pool Suite', 'Six-Bedroom Pool Villa', 'Five-Bedroom Pool Villa', 'Seven-Bedroom Pool Villa', 'Four-Bedroom Pool Villa', 'Two-Bedroom Suite with Private Pool']|the-shanti-residence
[]|kubu-kedungu-villas
[]|the-sanyas-retreat
[]|d¡¯wina-villa-kuta-by-family-hospitality
['One-Bedroom Villa', 'Three-Bedroom Villa with Private Pool']|rumah-tyang
[]|villa-natures
[]|d¡¯legon-villa
['Three-Bedroom Premium Villa with Private Pool', 'Two-Bedroom Premium Villa with Private Pool', 'One-Bedroom Villa', 'One-Bedroom Villa with Private Pool', 'Two-Bedroom Villa with Private Pool', 'Three-Bedroom Villa with Private Pool']|lily-lane-villas
['Early Booker Hot Deal at Deluxe One-Bedroom Villa', 'Early Booker Hot Deal - One Bedroom Villa', 'One-Bedroom Villa', 'Deluxe One-Bedroom Villa']|bumi-ubud-resort
['Luxury Villa Room']|pandawas-villas
[]|klumpu-resort
[]|aleesha-villa-sanur
[]|bali-life-villa-at-bumi-ayu
['Two-Bedroom Villa with Private Pool', 'Four-Bedroom Villa with Private Pool']|nyaman-villas
[]|daluman-villa
[]|green-chaka-eden
[]|alam-bidadari-seminyak-villas
['Six-Bedroom Villa with Private Pool']|villa-simpatico
['One-Bedroom Villa with Private Pool', 'Two-Bedroom Villa with Private Pool']|bvilla-pool
[]|the-citta-residence
[]|the-lokha-umalas-villas-spa
['One-Bedroom Villa with Private Pool', 'Three-Bedroom Villa with Private Pool']|the-dusun
['Deluxe Villa with Private Pool', 'Executive Villa with Private Pool']|villa-travis
['Two-Bedroom Villa with Private Pool']|villa-silviana
[]|bukit-heights-by-the-kulawi
[]|lalang-temu-villas
['Three-Bedroom Villa with Private Pool', 'Two-Bedroom Villa with Private Pool', 'One-Bedroom Villa with Private Pool', 'Four-Bedroom Villa with Private Pool', 'Special Offer Honeymoon Package - One-Bedroom Villa with Private Pool']|temple-hill-residence-villa
['Three-Bedroom Villa with Private Pool', 'Two-Bedroom Villa with Private Pool']|villa-teman
['One-Bedroom Villa with Private Pool', 'Two-Bedroom Villa with Private Pool']|villa-sasoon
[]|lembongan-cliff-villas
['Three-Bedroom Villa']|villa-aamoda
[]|apple-villas-apartments
[]|the-griya-villas-spa
[]|villa-paradiso
[]|the-kampung-resort-ubud
[]|munduk-moding-plantation
['One-Bedroom Villa', 'Two-Bedroom Villa with Private Pool']|villa-sutra
['One-Bedroom Villa with Private Pool', 'Two-Bedroom Villa with Private Pool']|sandi-agung-villa
[]|le-nixsun-villa-spa
['Five-Bedroom Villa']|villa-ultimo
[]|chantal-villa
[]|kayumanis-jimbaran-private-estate
[]|belmond-jimbaran-puri
['Two-Bedroom Villa with Private Pool', 'One-Bedroom Villa with Private Pool', 'Three-Bedroom Villa with Private Pool']|alila-villas-uluwatu
['Early Booker Hot Deal - Garden Villa with Private Pool', 'Garden Villa with Private Pool', 'Rice Field View Villa with Private Pool', 'Village Suite Villa with Private Pool', 'Special Offer Honeymoon Package at Garden Villa with Private Pool']|the-ubud-village-resort
[]|18-suite-villa-loft-by-amithya
[]|amarterra-villas-nusa-dua-mgallery-collection
['Anantara Suite', 'Anantara Suite with Pool Access', 'Anantara Suite with Ocean View', 'Penthouse Suite']|anantara-seminyak-resort-spa
[]|anema-villa-seminyak
['One-Bedroom Villa with Private Pool']|bali-island-villas-spa
[]|ashoka-tree-resort-at-tanggayuda
['Special Offer - Romantic Package at Pool Villa with Garden View', 'Presidential Villa', 'Special Offer - Romantic Package at Pool Villa with Ocean View', 'Special Offer - Romantic Package at Pool Villa with Sea View', 'Pool Villa with Garden View', 'Pool Villa with Sea View', 'Pool Villa with Ocean View', 'Two-Bedroom Villa with Garden View', 'Two-Bedroom Villa with Ocean View']|banyan-tree-ungasan
['Early Booker Hot Deal - One-Bedroom Villa with Private Pool', 'One-Bedroom Villa with Private Pool', 'Special Offer - Honeymoon Villa with Private Pool', 'Two-Bedroom Villa with Private Pool', 'Four-Bedroom Villa with Private Pool']|bidadari-private-villas-retreat
[]|dreamland-villas-and-spa
['Deluxe Pool Villa', 'Two Bedroom Royal Pool Villa']|furama-villas-spa-ubud
[]|gending-kedis-luxury-villas
[]|grania-villas
[]|kayumanis-nusa-dua-private-villa
[]|kayumanis-ubud-private-villa-spa
[]|lv8-resort-hotel
[]|maca-villas-spa
[]|mahagiri-villas
[]|mahala-hasa-villas
[]|paradise-loft-villas
[]|pat-mase-villa-jimbaran
['Special Offer - Honeymoon Package at One-Bedroom Villa with Private Pool', 'One-Bedroom Villa - All Inclusive Package', 'One-Bedroom Villa with Private Pool', 'Fantastic Package at One-Bedroom Villa with Private Pool', 'Two-Bedroom Villa with Private Pool']|samaja-villas-seminyak
[]|sun-island-boutique-villas-spa-seminyak
[]|the-chedi-club-tanah-gajah--ubud-
[]|the-elysian-boutique-villa-hotel
[]|kayumanis-sanur-private-villa-spa
[]|the-rishi-villa-umalas
[]|the-wolas-villa
[]|hanging-gardens-of
[]|astana-kunti-villa
['Two-Bedroom Suite', 'Early Booker Hot Deal - One Bedroom Villa with Private Pool', 'Early Booker Hot Deal - Suit', 'Superior Suite', 'Suite', 'One-Bedroom Villa with Private Pool', 'Two-Bedroom Villa with Private Pool', 'Three-Bedroom Villa with Private Pool']|pondok-sebatu-villa
[]|kunti-villas
['Three-Bedroom Villa Tiga with Private Pool', 'Three-Bedroom Villa Satu with Private Pool', 'Three-Bedroom Villa Dua with Private Pool']|villa-penelopy
[]|soleya-villa
['One-Bedroom Villa', 'Two-Bedroom Villa', 'One-Bedroom Villa', 'Two-Bedroom Villa', 'Two-Bedroom Villa', 'Two-Bedroom Villa', 'Two-Bedroom Villa', 'Three-Bedroom Villa']|the-santai
[]|the-villas-at-ayana-resort--bali
['Executive Suite Villa with Private Pool', 'Standard Suite Villas with Free Massage', 'Deluxe Villa with Private Pool', 'Executive Pool Villa with Free Massage', 'Standard Suite Villas', 'Deluxe Pool Villa with Free Massage']|parigata-villas-resort
[]|ulu-segara-luxury-suites-villas
[]|double-six--luxury-hotel-seminyak
[]|d¡¯sri-saren-legian-kuta
[]|vidi-villas
['One-Bedroom Villa with Private Pool', 'Two-Bedroom Villa with Private Pool']|kei-villas
['Three-Bedroom Deluxe Suite Villa with Private Pool', 'Two-Bedroom Villa']|sandhya-villa
[]|villa-asri-batubelig
[]|the-jineng-villas-by-karaniya-experience
[]|bali-golden-villa
[]|kiss-villas-by-karaniya-experience
['Special Offer - Honeymoon Package at One-Bedroom Villa with Private Pool', 'One-Bedroom Pool Villa', 'Two-Bedroom Villa with Private Pool', 'Three-Bedroom Villa with Private Pool']|the-ahimsa
[]|dura-villas
[]|chateau-de-luxury-villas-and-spa
[]|kumpul-kumpul-villa-seminyak
[]|villa-barissan
[]|hacienda-villas
['One-bedroom Villa with Private Plunge Pool', 'One-Bedroom Villa with Garden View', 'Three-Bedroom Villa with Private Pool']|noah-bridal-villa
[]|gita-kencana-villa
[]|transera-grand-kancana-villas
[]|villa-asmara-an-elite-haven
[]|kupu-kupu-private-villa
[]|casa-nuri-villa
[]|bali-corail-villa
[]|uppala-villa-spa-umalas
[]|black-penny-villa-ubud
[]|umae-villa-ubud
['One-Bedroom Villa with Private Pool', 'Two-Bedroom Villa with Private Pool']|villa-tukad-alit
['Family Villa with Private Pool', 'Deluxe One-Bedroom Villa with Private Pool', 'One-Bedroom Villa with Private Pool']|alam-puisi-villa
[]|the-oshan-villas
[]|the-antara-villas
['Deluxe Double or Twin Room']|svarna-suite-seminyak
['Two-Bedroom Garden Villa', 'One-Bedroom Garden Suite', 'Deluxe Villa with Private Pool']|dupa-ubud-villa
['Three-Bedroom Villa with Private Pool', 'Valley Pool Villa', 'Special Offer - Daily Massage at One-Bedroom Valley Villa with Private Pool', 'Special Offer - Daily Massage at One-Bedroom Terrace Villa with Private Pool', 'Four-Bedroom Villa with Private Pool', 'Terrace Pool Villa']|aria-villas-ubud
[]|bracha-villas
[]|villa-lakshmi
['One-Bedroom Villa with Private Pool']|virmas-private-villa
['Two-Bedroom Villa with Private Pool']|agata-villas
['Three-Bedroom Villa', 'Four-Bedroom Villa with Private Pool']|villa-ali-agung
['Deluxe Pool Villa', 'Special Offer - Honeymoon Package', 'Two-Bedroom Pool Villa', 'One-Bedroom Suite Pool Villa', 'Three-Bedroom Villa with Private Pool']|seven-angels-villa
[]|casa-di-ungasan-suite-and-residence
[]|crown-villa-seminyak
[]|the-bidadari-luxury-villas-spa
['One-Bedroom Pool Villa', 'Five-Bedroom Grand Residence', 'Four-Bedroom Valley View Pool Villa', 'Two-Bedroom Pool Villa', 'Three-Bedroom Pool Villa', 'Four-Bedroom Pool Villa']|karma-jimbaran
[]|amanusa
[]|tjendana-nusa-dua
[]|gajah-villas-by-nagisa
['Oasis Villa 3 with Private Pool', 'Oasis Villa 1 with Private Pool', 'Oasis Villa 2 with Private Pool']|the-oasis-retreat-seminyak
[]|dencarik-villas
[]|villa-khaizan
[]|villa-casis-by-nagisa
['Two-Bedroom Villa with Private Pool', 'Grand Suite', 'Suite with Terrace', 'One-Bedroom Villa with Private Pool', 'Four-Bedroom Villa with Private Pool']|puri-sebali-resort
['Early Booker Hot Deal at One-Bedroom Villa', 'One-Bedroom Villa']|puri-sebatu-resort
[]|villa-kija
[]|the-aura-private-villa
[]|scene-estate
[]|villa-donnys
[]|villa-rock-tanah-lot
[]|sari-alexa-villa
[]|ratu-alexa-villa
[]|bali-heaven-villa
['Honeymoon  Package at One-Bedroom Villa with Private Pool', 'Two-Bedroom Pool Villa with Extra Bed', 'One-Bedroom Villa with Private Pool', 'Two-Bedroom Villa with Private Pool', 'Three-Bedroom Villa with Private Pool']|the-seminyak-suite-private-villa
[]|pure-villas
[]|vamelo-villa
[]|villa-mandala-desa
[]|satu-lagi-villa
[]|romashka-villa
[]|orivilla
[]|sunset-villa-lembongan
[]|the-loft-villa
[]|destiny-villas-seminyak
[]|villa-bukit-lovina
[]|laelia-private-resort
[]|the-gatra-villa
[]|villa-sournomie
[]|villa-bidana
[]|wong-villa
[]|villa-daksina
[]|bali-emerald-villa
['Superior Villa', 'Two-Bedroom Villa', 'Four-Bedroom Deluxe Villa', 'One-Bedroom Villa with Private Pool', 'Two-Bedroom Villa with Private Pool', 'Three-Bedroom Villa with Private Pool']|andamar-luxury-villas
[]|tapa-villa-i-ii
[]|villa-tolroy
[]|premium-villas-seminyak
[]|balicosy-villas
[]|villa-ambient
[]|the-white-villas-ubud
[]|villa-pisces-ubud
[]|the-benoa-beach-front-villa-spa
[]|the-yubi-boutique-villas
['Two-Bedroom Villa with Private Pool', 'Special Offer - Honeymoon Package at One-Bedroom Villa with Private Pool', 'One-Bedroom Villa with Private Pool']|ellora-villas
[]|villa-negeri-impian
[]|seminyak-beach-villa
['November Sale - One-Bedroom Bungalow', 'One-Bedroom Bungalow']|ts-hut-lembongan
[]|wismaya-villa
['One-Bedroom Villa', 'Special Offer - Honeymoon Package', 'Two-Bedroom Villa', 'Three-Bedroom Villa', 'Five-Bedroom Villa']|bvilla-seminyak
['Two-Bedroom Villa with Private Pool', 'Three-Bedroom Villa with Private Pool']|madhya-villa
[]|katala-villas-and-suites-sanur
['Special Offer - Honeymoon Package at One-Bedroom Villa with Private Pool', 'One-Bedroom Villa with Private Pool', 'Three-Bedroom Villa with Private Pool']|ziva-a-boutique-villa
['One-Bedroom Villa', 'Special Offer - Honeymoon Package at One-Bedroom Villa with Private Pool', 'Two-Bedroom Villa', 'Three-Bedroom Villa']|bvilla-seaside
[]|the-light-exclusive-villas-spa
[]|the-kasih-villas-and-spa
[]|nomina-villa
[]|villa-asri-seminyak
[]|bakung-ubud-resort-and-villas
[]|asuri-villas-kuta-by-family-hospitality
[]|the-bliss-villa
['One-Bedroom Bungalow']|pandawa-village
[]|villa-nian-luxury-villa-spa
[]|ubud-heaven-sayan
['Family Suite', 'Special Offer - 3 Nights at Forest Suite', 'Flexible Promotion - Garden Suite', 'Early Booker Hot Deal - Canopy Suite', 'Best Deal - Garden Suite', 'Special Offer - 3 Nights at Canopy Suite', 'Early Booker Hot Deal - Forest Suite', 'Special Offer - 3 Nights at Garden Suite', 'Early Booker Hot Deal - Garden Suite', 'Garden Suite', 'Canopy Suite', 'Forest Suite']|bisma-eight
[]|the-canggu-boutique-villas-and-spa
[]|adma-umalas-resort
[]|seminyak-suites-shiseido-spa
[]|the-haere-villa-seminyak
['One-Bedroom Villa with Garden View', 'Two-Bedroom Villa with Garden View']|sari-bamboo-villas
[]|united-colours-of-resort-village
[]|villa-anisa
[]|villa-charlie
[]|aswattha-villas-by-premier-hospitality-asia
[]|akarasu-villa
['Special Offer - Honeymoon Package at One-Bedroom Villa with Private Pool', 'Four-Bedroom Villa with Two Private Pool', 'One-Bedroom Villa with Private Pool', 'Special Offer - Family Package at Two-Bedroom Villa with Private Pool', 'Special Offer ¨C One Bedroom Private Pool Villa with Motorbike Rental', 'Two-Bedroom Villa with Private Pool']|aberu-villas
[]|acacias-villa
['One-Bedroom Villa']|radiant-jepun-villa
[]|cozy-stay-simpang-enam
['Two-Bedrooms Villa with Private Pool and Hot tub', 'One-Bedroom Villa with Private Pool and Hot tub', 'Romantic Honeymoon Package at One Bedroom Villa with Private Pool and Hot Tub']|ini-vie-villa
[]|bellevue-heritage-villas
[]|aiko-villa
[]|kamea-villa
[]|alamanda-canggu-villa-by-gamma-hospitality
[]|the-royal-villas-canggu
[]|umadauh-villa-padang-tawang-canggu
[]|kubal-villa-seminyak
[]|the-light-villas
['Two-Bedroom Villa', 'One-Bedroom Villa']|sri-abi-ratu-villa
[]|temuku-ubud-villas
['Three-Bedroom Villa', 'Two-Bedroom Villa', 'Presidential Villa']|bali-national-golf-villas
[]|plataran-menjangan-resort-and-spa
[]|buana-luxury-villas-and-spa
['One-Bedroom Villa', 'One-Bedroom Villa with Private Pool', 'Two-Bedroom Villa with Private Pool', 'Special Offer - Honeymoon Package at One-Bedroom Villa with Private Pool']|maharaja-villas
[]|kayu-suar-luxury-villas-and-spa
[]|natura-resort-and-spa-ubud
['Special Offer - All Inclusive Package at One-Bedroom Villa', 'One-Bedroom Villa']|royal-samaja-villas
[]|regali-villa
['One-Bedroom Villa with Private Pool', 'Two-Bedroom Villa with Private Pool', 'Three-Bedroom Villa with Private Pool']|royal-kriyamaha-villa
[]|de-ubud-villas-spa
['Five-Bedroom Villa', 'Two-Bedroom Villa']|adinda-balangan-beach-villa
['One-Bedroom Villa with Private Pool & Hot Tub']|aleva-villa
['Two-Bedroom Villa with Private Pool', 'One-Bedroom Villa with Private Pool']|royal-pool-villa-club
[]|the-sanctoo-villas-spa-ubud
[]|prasana-by-arjani-resort
[]|nayla-boutique-villa
[]|dedary-kriyamaha-ubud
['Suite with Terrace', 'Two Bed Room Pool Villa', 'One Bed Room Pool Villa']|atta-mesari-villas
[]|planta-luxury-villa
[]|hideaway-villas
[]|villa-simona-oasis-an-elite-haven
['Four-Bedroom Villa with Private Pool', 'Two Bedroom Garden Villa', 'One-Bedroom Villa with Private Pool', 'Three-Bedroom Villa with Private Pool', 'Two-Bedroom Villa with Private Pool']|ocean-valley-villa
['Villa with Private Pool', 'Villa with Private Pool', 'Villa with Private Pool', 'Two-Bedroom Villa', 'Deluxe Villa', 'Three-Bedroom Villa']|echo-beach-townhouses
[]|tejaprana-resort-spa
[]|the-kalyan-villa
[]|maya-jineng
['Deluxe Villa', 'Two-Bedroom Villa', 'Special Offer Private Honeymoon Suite']|astana-swaha-villa
[]|vinila-nusa-dua
[]|baliana-villa
['Honeymoon Package - One-Bedroom Villa with Private Pool', 'Early Booker Hot Deal - Two-Bedroom Villa with Private Pool', 'Two-Bedroom Villa with Private Pool', 'Family Package at Two-Bedroom Villa with Private Pool', 'Early Booker Hot Deal - One-Bedroom Villa with Private Pool', 'Early Booker Hot Deal - Suite Room', 'Suite', 'One-Bedroom Villa with Private Pool']|purana-boutique-resort
[]|djoglo-villa-ubud
[]|villa-uma-sari
[]|dian-lestari-villas-and-painting
[]|ngurah-villa
[]|villa-bukti-paradise
[]|deddy-villa
[]|jd-villa-seminyak
[]|villa-elanora-1
[]|villa-santai-kuta
[]|villa-jepun-kuta
[]|villa-taman
[]|villa-ultima
[]|villa-jalak-berawa
[]|revata-villa-3
[]|sunrise-villa-kuta
[]|villa-halcyon-a2
[]|nicole-villa
[]|villa-louwie
[]|villa-undici-jalak
['Villa with Private Pool']|villa-capung-bawah
[]|villa-kerasan
[]|kubu-sari-villa-lembongan
[]|villa-uma-by-esmee-management
[]|villa-sakura
['One-Bedroom Villa with Private Pool', 'Three-Bedroom Villa with Private Pool', 'Two-Bedroom Villa with Private Pool']|ardha-chandra-villa
[]|grand-nismara-villa
[]|villa-manggis-sanur
[]|la-leela-gaing-mas-jimbaran
[]|da-vinci-the-villa
['Two-Bedroom Villa with Private Pool', 'One-Bedroom Villa with Private Pool']|dewi-sri-private-villa
['Romantic Honeymoon Package', 'One-Bedroom Villa with Private Pool and Hot tub']|aksari-villa
[]|the-kirana-ungasan-villa
[]|air-sanih-beach-villa
[]|alamdini-resort-ubud
[]|grand-la-villais-villa-and-spa-seminyak
[]|padma-villa
[]|villa-jenja
[]|botanical-private-villas
['Three-Bedroom Villa']|cabana-village-jimbaran
[]|lembongan-d-licks-villa
['Two-Bedroom Villa with Garden View', 'One-Bedroom Villa', 'Three-Bedroom Villa', 'Two Bedroom Suite Villa', 'Four-Bedroom Villa', 'Two-Bedroom Villa']|sativa-villas-ubud
[]|temple-view-boutique-villa
[]|intan-mutiara-seminyak-villa
[]|rabasta-kubu-suites-seminyak
[]|galang-bulan-villas
['Double Room', 'Villa with Private Pool', 'Double Room with Private External Bathroom']|homayoon-villa
[]|uppala-villa-spa-nusa-dua
[]|shania-villas-canggu
[]|anna-villa
['Three-Bedroom Villa']|villa-alma
['Villa with Private Pool']|pondok-buda
['Three-Bedroom Villa', 'Two-Bedroom Villa', 'One-Bedroom Villa', 'Deluxe Villa']|samsara-ubud
[]|sleeping-budha-villa
[]|d--kaja-ubud
[]|esperanto-villa-seminyak
['Two-Bedroom Villa with Ocean View', 'One-Bedroom Villa with Ocean View']|vivo-villas
[]|babakan-view-villas
['Standard Villa', 'Villa', 'One-Bedroom Villa', 'Villa with Garden View']|taman-bintang-villa-ubud
['One-Bedroom Villa', 'Two-Bedroom Villa']|maha-lakshmi-ubud-villa
['Luxury One-Bedroom Pool Villa', 'One-Bedroom Villa']|abirama-ubud-villa
['Villa with Private Pool']|villa-pusha
['Villa with Private Pool']|villa-di-berawa-beach-side
[]|villa-lilin
['Deluxe Villa']|villa-hening
['Two-Bedroom Villa', 'Red Two-Bedroom Villa with Private Pool', 'Blue Two-Bedroom Villa with Private Pool', 'Four-Bedroom Villa with Private Pool']|frost-villas
[]|colonial-white-villa-seminyak
['Bungalow']|agura-bungalow-petitenget-beach
['Villa with Private Pool']|villa-plumeria
[]|bije-suite-suweta
[]|nick-villa
[]|joli-guesthouse-bungalows
['Three-Bedroom Villa']|villa-tounga-sanur
['Villa']|palm-house
['Deluxe Villa']|villa-odyssey
['Two-Bedroom Villa']|villa-antiga-2
[]|deluxe-seminyak-villa
['Villa with Private Pool']|jepun-villa-1-sanur
[]|waters-view-villa-by-soscomma
[]|kupu-kupu-bungalows
[]|villa-savvoya
[]|royal-retreats-villa
['Villa with Private Pool']|thantha-ubud-villa
[]|villa-leon-managed-by-lovel-elite-estate
['Special Offer - Honeymoon Package at Villa with Private Pool', 'Villa with Private Pool']|s18-villas
['Villa with Private Pool']|the-jasmina-estate
['Three-Bedroom Villa']|villa-cosmopolitan
[]|lalasa-villas
['Deluxe One-Bedroom Villa', 'Villa', 'One-Bedroom Villa']|kubu-tani
['Deluxe Villa']|villa-krishna
[]|villa-melati
['Three-Bedroom Villa']|villa-ladisa-balangan
['Two-Bedroom Villa']|sunmix-villa
[]|komaneka-at-keramas-beach-bail
['Villa with Private Pool']|villa-mahi-mahi-bingin
['One-Bedroom Villa', 'Suite Room with Jacuzzi', 'One-Bedroom Suite Pool Villa']|benoa-sea-suites-and-villas
[]|pondok-griya-sandi-villa
[]|hurley-house
[]|dawas-villa-canggu
['Villa - Beach Front']|cemagi-beach-front-villa
[]|villa-arushi-seminyak
[]|mahana-boutique-apartment-denpasar)
[]|villa-kora
['Three-Bedroom Villa', 'Budget Room', 'One-Bedroom Villa']|namindra-villa
[]|dreamscape-bali-villas-by-nagisa-bali
['Two-Bedroom Villa', 'One-Bedroom Villa']|laba-ubud-villa
[]|ceningan-cool-breeze-villa
['Two-Bedroom Villa with Private Pool']|villa-positano
['Bungalow']|villa-kubu-agung
[]|villa-orchid
[]|villa-dedaren
[]|villa-srikandi
['Bungalow']|bo-s-bungalows-and-restaurant
['King Suite with Pool View']|lucky-family-cottage
[]|umah43-ubud-2
['Two-Bedroom Villa']|pondok-anastasia
['Two-Bedroom Villa', 'Villa with Private Pool']|villa-ora
['Villa with Private Pool']|chandara-villa-nusa-dua
[]|serene-rice-field-terrace-canggu-3--bedrooms-villa
['Three-Bedroom Villa with Private Pool']|villa-sudamala
['Four-Bedroom Villa with Private Pool']|n-villa
['Villa with Private Pool']|villa-nuansa-cliff
['Villa - Beach Front']|villa-lumba-lumba
['Four-Bedroom Villa with Private Pool']|balian-beach-villa
['Villa with Private Pool']|villa-de-siam
['Villa with Garden View']|villa-jackson
[]|villa-beach-seminyak
['One-Bedroom Bungalow', 'Two-Bedroom Bungalow', 'Two-Bedroom Bungalow']|bali-butterfly-villas
[]|villa-gwen
[]|alit-villa
['One-Bedroom Villa']|lemon-grass-villa
['Standard Bungalow', 'Family Bungalow', 'Large Twin Room', 'One Bedroom Bungalow', 'Family Bungalow']|tegal-jero-homestay
['Villa with Private Pool']|villa-suryanti
['Three-Bedroom Villa']|beranda-private-villa
['Villa - Beach Front']|villa-semadhi
[]|lovina-villa-resort-puri-bulan
['Villa']|soobali-roemah-emily
['Three-Bedroom Villa']|soobali-mudita-villa
['Four-Bedroom Villa with Private Pool', 'Three-Bedroom Villa with Private Pool']|villa-jalak
[]|phinisi-villas-seminyak-city-center
['Four-Bedroom Villa with Private Pool']|the-lane-villa
['Villa with Garden View']|villa-happy-days
['Villa with Private Pool']|allira-villa-1
[]|villa-ahh-ubud
['Villa with Private Pool']|the-villa-umalas
[]|villa-double-six
['Villa with Private Pool']|the-indies-estate
['Villa with Private Pool']|villa-shaniya
['Five-Bedroom Villa with Private Pool']|villa-dunia-impian
['One-Bedroom Villa']|turtle-dove-menjangan
['Honeymoon Suite', 'Villa with Sea View']|villa-joey
['One-Bedroom Villa', 'Villa with Garden View', 'Standard Villa', 'Superior Villa', 'Deluxe Villa']|cloud-nine-estate
[]|natya-residence-jimbaran-denpasar
['Two-Bedroom Villa']|ubud-lestari-villa
[]|villa-lovina-pondok-jepun
[]|dragonfly-cottage
[]|bale-village-c3
[]|luxury-villa-seminyak-serenity
[]|ila-villa
[]|ubud-art-villas
[]|villa-168
[]|akasia-homestay
[]|villa-lumba-lumba-lovina-7
[]|the-muaya-villa
[]|rumah-nyaman-villa
[]|villa-abadi-luxury-vacation-rental
['Two-Bedroom Villa']|villa-underwood
['Suite with Balcony', 'Suite', 'Suite with Garden View']|golden-garden-guesthouse
['Bungalow', 'Bungalow']|ampel-gading-arteast-house
[]|villa-kori-private
['Villa with Private Pool']|villa-pondok
['Two-Bedroom Villa']|irisha-villa
['Villa with Private Pool']|rumah-impian
[]|timboel-villas
[]|villa-bulan-seminyak
['Three-Bedroom Villa with Private Pool', 'One-Bedroom Villa', 'Two-Bedroom Villa']|villa-kindie
['Two-Bedroom Villa']|kubu-solas
[]|widi-agung-villa-2
['Villa with Sea View']|villa-baba
['Villa with Private Pool']|villa-kayan
['Family Bungalow']|shanty-country-house
['Villa with Private Pool']|villa-ronin
['Two-Bedroom Villa']|maluhia-haven
[]|hidden-garden-villa
['Villa - Beach Front']|villa-sekar-jepun-medewi
['Family Suite', 'Standard Suite', 'Deluxe Suite', 'King Suite']|rumah-lumbung
['Three-Bedroom Villa']|soobali-mudita-villa
['Villa with Private Pool']|villa-dandelion
['One-Bedroom Villa']|villa-zita
['One-Bedroom Villa']|bintang-beach-villa
[]|contemporary-villa-anle-jimbaran
['One-Bedroom Villa', 'Three-Bedroom Villa', 'One-Bedroom Villa', 'One-Bedroom Villa', 'One-Bedroom Villa']|villa-semut-merah
['Deluxe Room']|saora-homestay
['Villa with Private Pool']|bale-village-b5-villa
[]|villa-valley
[]|the-beach-front-villa-2
[]|ayawana-villa
[]|villa-dominique-managed-by-lovel-elite-estate
[]|twin-flower-villa
[]|homeawayinbali-villa-raja
[]|artha-mulia-house
['Three-Bedroom Villa']|villa-kawung-b
['Villa', 'Villa', 'Villa', 'Standard Villa', 'Villa']|pumpkin-village-ubud
['Villa with Private Pool']|villa-punyan
['One-Bedroom Garden Villa', 'Two-Bedroom Family Villa', 'One-Bedroom Double or Twin Villa with Pool View']|sanghyang-bay-villas
[]|villa-jolie-no7
['Three-Bedroom Villa']|palmsuite-seminyak
['Two-Bedroom Villa']|villa-berry
[]|alea-villas
['Three-Bedroom Villa']|villa-tio
['Villa with Private Pool']|asri-sari-villa-2
['Deluxe Villa', 'One-Bedroom Villa']|tri-dewi-private-residence
[]|beachouse-lovina
[]|villa-m-k
[]|yumana-villa
['Three-Bedroom Villa']|the-belong-cottages
['Two-Bedroom Villa']|villa-seryan
[]|umah43-ubud-1
[]|villa-santai-byon
['Two-Bedroom Villa with Private Pool']|villa-vanilla-2
[]|villa-hl
['One-Bedroom Suite']|puri-karang-residence
['Bungalow with Garden View', 'Bungalow with Garden View', 'Bungalow with Garden View', 'Bungalow with Garden View']|bingin-bienvenue-guest-house
[]|villa-namaste
['Three-Bedroom Villa']|bayshore-villa-sanur
[]|maha-astana-villa-and-residence
[]|dayu-alit-budakeling
[]|discovery-candidasa-villas-and-ayurvedic-spa
['Villa with Private Pool']|constant-heaven-villas
['Four-Bedroom Villa with Private Pool', 'Two-Bedroom Villa with Private Pool']|villa-88
[]|santi-sari-boutique-hotel-and-spa
[]|villa-raka
['Deluxe Villa']|villa-dejama
[]|aquamarine-sea-view-villa
['Three-Bedroom Villa']|villa-alam-biru-ii
['Deluxe Villa']|villa-tanjung
['Two-Bedroom Villa']|pondok-pekak-mangku
[]|dream-beach-villa
[]|umah-babakan
[]|bingin-beach-house
['Villa with Private Pool']|frangipani-villa-seminyak
['Two-Bedroom Villa']|dewi-sri-villa-ii
[]|kabinawa-villa
['Surya One-Bedroom Villa', 'Deluxe Twin Room with Sea View', 'Chandra Two-Bedroom Villa', 'Superior Suite with Sea View', 'Ashwini Pool Villa']|mandala-village
['Villa with Private Pool']|villa-alam-biru
['Two-Bedroom Villa']|dinasty-villa
['Two-Bedroom Villa with Private Pool', 'Three-Bedroom Villa with Private Pool']|villa-belharra
['One-Bedroom Villa with Private Pool']|villa-shamballa
['Five-Bedroom Villa with Private Pool']|villa-batu-sari
[]|sandyblue-villas
['B-Standard Double Bungalow', 'B-Four-Bedroom Villa', 'R-Standard Double Bungalow', 'B-One-Bedroom Bungalow', 'Three-Bedroom Villa', 'R-Standard Twin Bungalow']|yuwadee-resort
[]|waterfront-suites-by-centara
['Duplex One-Bedroom Pool Villa with Panoramic View', 'Two-Bedroom Villa', 'Four-Bedroom Villa', 'One-Bedroom Villa', 'Duplex One-Bedroom Pool Villa']|villa-zolitude-resort-spa
[]|the-naka
[]|glow-elixir-koh-yao-yai--phang-nga
['One-Bedroom Garden Suite', 'One-Bedroom Andaman Suite', 'Two-Bedroom Garden Suite', 'Two-Bedroom Andaman Suite', 'Three- Bedroom Beach View Villa']|kamala-beach-estate
['Standard Studio', 'Suite with Spa Bath', 'Two-Bedroom Bungalow']|kamala-tropical-garden
['Superior Villa with Sunset View', 'Deluxe Villa with Sunset View', 'Superior Villa with Sea View', 'Deluxe Villa with Sea View']|secret-cliff-villa
[]|seastone-private-pool-villas
[]|kata-sea-view-villas
['Two-Bedroom Villa with Private Pool', 'Standard Villa', 'Deluxe Villa', 'Three-Bedroom Villa with Private Pool', 'One-Bedroom Villa with Private Pool']|layan-villas
['Deluxe Villa with Pool View', 'Suite Villa Pool Access']|le-piman-resort
['Villa', 'One Bed Room Suite', 'Two Bed Room Suite']|the-pe-la-resort
[]|rawai-boutique-resort
['One-Bedroom Apartment by Pool Side', 'One-Bedroom Apartment with Private Garden', 'Suite', 'Studio']|phuket-riviera-villas
[]|laguna-holiday-club-resort
[]|angsana-villas-resort-(formerly-outrigger-laguna-resort-and-villas)
[]|ayara-hilltops-boutique-resort-spa
[]|andara-resort-villas
[]|doublepool-villa-by-banyan-tree
['Spa Sanctuary Pool Villa with Unlimited Massage']|banyan-tree-spa-sanctuary
[]|anantara-vacation-club-mai-khao
[]|wanaburi-hotel-
[]|dream-sea-pool-villas
['Deluxe Suite', 'Junior Suite (2 Adults)']|sugar-palm-residence
[]|niramaya-villa-wellness-resort
[]|six-senses-yao-noi
[]|the-8-pool-villa
['Three-Bedroom Villa', 'Four-Bedroom Villa']|phuket-lagoon-pool-villa
['Suite with Pool View', 'Suite with Mountain View']|happy-eight-resort
[]|khanitta-bukitta-airport-condominium
[]|ananta-thai-pool-villa-resort
[]|sangpathum-villa
[]|phuphasrirung-resort
[]|baannaraya-exclusive-pool-villa-residence
[]|villa-sunpao-resort-and-spa
[]|phuket-airport-villa
[]|the-pavilions--suites
['Onyx Style Three-Bedroom Villa with Private Pool', 'Onyx Style Two-Bedroom Villa with Private Pool', 'Onyx Style One-Bedroom Villa with Private Pool', 'Kokyang Style Two-Bedroom Villa with Private Pool', 'Kokyang Style Luxury Three-Bedroom Villa with Private Pool', 'Kokyang Style Three-Bedroom Villa with Private Pool']|kokyang-estate-by-tropiclook
[]|rawai-vip-villas-kids-park
[]|recenta-suite-suanluang
['Two-Bedroom Villa with Sea View', 'Three-Bedroom Villa with Sea View', 'One-Bedroom Apartment with Sea View']|star-path-villa
[]|kata-hill-view-villas-by-kata-sea-view-villas
[]|the-kara-pool-villa
[]|1715-house-caff-resort
[]|sea-space-villa
[]|villa-chan-grajang-an-elite-haven
[]|yoosook-youyou-villa
['Two-Bedroom House', 'Four-Bedroom House']|private-havana
[]|i-town-home-private-house
[]|wang-nam-jai-an-elite-haven
['Eight-Bedroom Villa', 'Ten-Bedroom Villa', 'Six-Bedroom Villa']|ani-villas-thailand
[]|patong-loft-condo
['Apartment']|kamala-paradise
[]|the-view
[]|lespalm-luxury-pool-villa
[]|villa-chonsri-by-holiplanet
[]|the-promenade-villa-by-holiplanet
['One-Bedroom Villa with Sea View', 'Two-Bedroom Villa with Sea View', 'Chalet (2 Adults)']|dwell-at-chalong-hill
['Villa with Private Pool']|anchan-private-pool-villa
[]|locals-villa-hotel
[]|favstay-passaorn
['Two-Bedroom Suite', 'One-Bedroom Suite']|saturdays-residence
[]|horizon-youyou-villa
[]|baan-mee
[]|time-travel
['Deluxe Villa', 'Three-Bedroom Villa', 'One-Bedroom Villa', 'Two-Bedroom Villa']|symphony-villa
[]|pumeria-resort
['Deluxe Villa']|villa-winson
[]|inspire-villas-by-favstay
['Villa with Private Pool', 'Villa with Garden View', 'Four-Bedroom Villa with Private Pool']|boutique-resort
[]|glam-habitat-hotel
['Three-Bedroom Villa with Private Pool']|villa-140
['Villa with Private Pool']|villa-bua-savan
['Villa']|nice-villa
['Villa with Garden View', 'Villa with Garden View', 'One-Bedroom Villa']|villa-arunsi-patong
['Two-Bedroom Townhouse']|phuket-beach-pool-villas
[]|ban-elephant-blanc
['Villa with Private Pool']|villa
[]|aqua-villa-no--5
['Villa with Private Pool']|villa-kuta-by-holiplanet
['Villa with Private Pool']|villa-bukit-by-holiplanet
[]|seventh-villa
['Two-Bedroom Villa']|villa-susu-by-holiplanet
['Villa with Sea View']|7-bedrooms-villa-with-seaview
['Villa with Private Pool']|villa-lovina-by-holiplanet
['Two-Bedroom Villa']|the-residence-villa-2-bedroom
['Three-Bedroom Villa']|residence-villa-3-bedroom
[]|ratchamaka-by-zen-villa
[]|baba-beach-club-hotel-phang-nga
[]|kinnaree-loch-palm-golf-villa-by-chattha
['Semi Suite', 'Suite', 'Executive Suite']|the-screen
[]|kyoyado-usagi
['Two-Bedroom Suite', 'One-Bedroom Suite']|small-luxury-ryugin
[]|hanakago
[]|acqua-pulita
[]|kyomachiya-stay-waka-fushimi-inari
[]|tasaki-ya
[]|kyoisuke-mukadeyacho
['Japanese-Style Townhouse - Non-Smoking']|kamohan
[]|kyoto--yadomachi--kamishichiken
