['生活方式套房 (Lifestyle Suite)', '雷根套房 (Legian Suite)', '豪华套房 (Luxe Suite)']|l-hotel-seminyak,,,,,,
[]|seminyak-icon,,,,,,,,
[]|dyana-villas,,,,,,,,
[]|jamahal-private-resort-and-spa,,,,,,,,
[]|the-beverly-hills-a-luxury-villas-spa,,,,,,,,
[]|baliku-beach-front-luxury-private-pool-villas,,,,,,,,
[]|ahimsa-beach,,,,,,,,
[]|the-wangsa-benoa,,,,,,,,
[]|the-royal-santrian-villas,,,,,,,,
[]|bumi-linggah-the-pratama-villas,,,,,,,,
[]|the-banyumas-villa,,,,,,,,
[]|indiana-kenanga-luxury-boutique-hotel-spa,,,,,,,,
[]|coconuts-beach-resort,,,,,,,,
[]|villa-marlee,,,,,,,,
[]|villa-nelayan-by-nakula-management-island,,,,,,,,
[]|askara-villa,,,,,,,,
[]|komea-villa,,,,,,,,
[]|tigadis-villa,,,,,,,,
[]|mahagiri-villas-dreamland-spa,,,,,,,,
[]|agung-nirwana-villas-and-spa,,,,,,,,
[]|the-kryamaha-villas,,,,,,,,
[]|villa-kayu-lama,,,,,,,,
[]|ashling-villa,,,,,,,,
['单卧室泳池别墅 (1 Bedroom Pool Villa)', '双卧室泳池别墅 (2 Bedroom Pool Villa)']|sandi-kala-villas,,,,,,,
[]|onje-villa,,,,,,,,
[]|astamana-villa-canggu,,,,,,,,
[]|kishi-kishi-house,,,,,,,,
[]|ziva-a-residence,,,,,,,,
[]|the-awan-villas,,,,,,,,
['单卧室泳池别墅 (One Bed Room Pool Villa)', '单卧室奢华独立泳池别墅 (Luxury 1-Bedroom Private Pool Villa)', '双卧室泳池别墅 (Two Bed Room Pool Villa)']|the-widyas-luxury-villa,,,,,,
[]|the-layar-designer-villas-and-spa,,,,,,,,
[]|ubud-padi-villas,,,,,,,,
[]|balangan-beach-villa,,,,,,,,
[]|goodway-hotel-resort,,,,,,,,
[]|nusa-dua-retreat-boutique-villa-resort-and-spa,,,,,,,,
[]|the-shanti-residence,,,,,,,,
[]|kubu-kedungu-villas,,,,,,,,
[]|the-sanyas-retreat,,,,,,,,
[]|d’wina-villa-kuta-by-family-hospitality,,,,,,,,
[]|rumah-tyang,,,,,,,,
[]|villa-natures,,,,,,,,
[]|d’legon-villa,,,,,,,,
[]|lily-lane-villas,,,,,,,,
[]|bumi-ubud-resort,,,,,,,,
[]|pandawas-villas,,,,,,,,
[]|klumpu-resort,,,,,,,,
[]|aleesha-villa-sanur,,,,,,,,
[]|bali-life-villa-at-bumi-ayu,,,,,,,,
[]|nyaman-villas,,,,,,,,
[]|daluman-villa,,,,,,,,
[]|green-chaka-eden,,,,,,,,
[]|alam-bidadari-seminyak-villas,,,,,,,,
[]|villa-simpatico,,,,,,,,
[]|bvilla-pool,,,,,,,,
[]|the-citta-residence,,,,,,,,
[]|the-lokha-umalas-villas-spa,,,,,,,,
[]|the-dusun,,,,,,,,
[]|villa-travis,,,,,,,,
[]|villa-silviana,,,,,,,,
[]|bukit-heights-by-the-kulawi,,,,,,,,
[]|lalang-temu-villas,,,,,,,,
[]|temple-hill-residence-villa,,,,,,,,
[]|villa-teman,,,,,,,,
[]|villa-sasoon,,,,,,,,
[]|lembongan-cliff-villas,,,,,,,,
[]|villa-aamoda,,,,,,,,
[]|apple-villas-apartments,,,,,,,,
[]|the-griya-villas-spa,,,,,,,,
[]|villa-paradiso,,,,,,,,
[]|the-kampung-resort-ubud,,,,,,,,
['豪华套房 (Deluxe Suite)', '单卧室别墅 (1 Bedroom Villa)', '单卧室泳池别墅 (1 Bedroom Pool Villa)', '双卧室泳池别墅 (2 Bedroom Pool Villa)']|munduk-moding-plantation,,,,,
[]|villa-sutra,,,,,,,,
[]|sandi-agung-villa,,,,,,,,
[]|le-nixsun-villa-spa,,,,,,,,
[]|villa-ultimo,,,,,,,,
[]|chantal-villa,,,,,,,,
[]|kayumanis-jimbaran-private-estate,,,,,,,,
[]|belmond-jimbaran-puri,,,,,,,,
[]|alila-villas-uluwatu,,,,,,,,
[]|the-ubud-village-resort,,,,,,,,
[]|18-suite-villa-loft-by-amithya,,,,,,,,
[]|amarterra-villas-nusa-dua-mgallery-collection,,,,,,,,
[]|anantara-seminyak-resort-spa,,,,,,,,
[]|anema-villa-seminyak,,,,,,,,
[]|bali-island-villas-spa,,,,,,,,
[]|ashoka-tree-resort-at-tanggayuda,,,,,,,,
[]|banyan-tree-ungasan,,,,,,,,
[]|bidadari-private-villas-retreat,,,,,,,,
[]|dreamland-villas-and-spa,,,,,,,,
[]|furama-villas-spa-ubud,,,,,,,,
[]|gending-kedis-luxury-villas,,,,,,,,
[]|grania-villas,,,,,,,,
[]|kayumanis-nusa-dua-private-villa,,,,,,,,
[]|kayumanis-ubud-private-villa-spa,,,,,,,,
[]|lv8-resort-hotel,,,,,,,,
[]|maca-villas-spa,,,,,,,,
[]|mahagiri-villas,,,,,,,,
[]|mahala-hasa-villas,,,,,,,,
[]|paradise-loft-villas,,,,,,,,
[]|pat-mase-villa-jimbaran,,,,,,,,
['一卧室泳池别墅 (One Bedroom Pool Villa)', '双卧室泳池别墅 (2 Bedroom Pool Villa)', '单卧室别墅 (1 Bedroom Villa)']|samaja-villas-seminyak,,,,,,
[]|sun-island-boutique-villas-spa-seminyak,,,,,,,,
[]|the-chedi-club-tanah-gajah--ubud-,,,,,,,,
[]|the-elysian-boutique-villa-hotel,,,,,,,,
[]|kayumanis-sanur-private-villa-spa,,,,,,,,
[]|the-rishi-villa-umalas,,,,,,,,
[]|the-wolas-villa,,,,,,,,
[]|hanging-gardens-of,,,,,,,,
[]|astana-kunti-villa,,,,,,,,
[]|pondok-sebatu-villa,,,,,,,,
[]|kunti-villas,,,,,,,,
['三卧室泳池别墅 (3 Bedroom Pool Villa)']|villa-penelopy,,,,,,,,
[]|soleya-villa,,,,,,,,
['单卧室泳池别墅 (1 Bedroom Pool Villa)', '双卧室泳池别墅 (2 Bedroom Pool Villa)', '三卧室泳池别墅 (3 Bedroom Pool Villa)']|the-santai,,,,,,
[]|the-villas-at-ayana-resort--bali,,,,,,,,
[]|parigata-villas-resort,,,,,,,,
[]|ulu-segara-luxury-suites-villas,,,,,,,,
[]|double-six--luxury-hotel-seminyak,,,,,,,,
[]|d’sri-saren-legian-kuta,,,,,,,,
[]|vidi-villas,,,,,,,,
[]|kei-villas,,,,,,,,
[]|sandhya-villa,,,,,,,,
[]|villa-asri-batubelig,,,,,,,,
[]|the-jineng-villas-by-karaniya-experience,,,,,,,,
[]|bali-golden-villa,,,,,,,,
[]|kiss-villas-by-karaniya-experience,,,,,,,,
[]|the-ahimsa,,,,,,,,
[]|dura-villas,,,,,,,,
[]|chateau-de-luxury-villas-and-spa,,,,,,,,
[]|kumpul-kumpul-villa-seminyak,,,,,,,,
[]|villa-barissan,,,,,,,,
[]|hacienda-villas,,,,,,,,
[]|noah-bridal-villa,,,,,,,,
[]|gita-kencana-villa,,,,,,,,
[]|transera-grand-kancana-villas,,,,,,,,
[]|villa-asmara-an-elite-haven,,,,,,,,
[]|kupu-kupu-private-villa,,,,,,,,
[]|casa-nuri-villa,,,,,,,,
[]|bali-corail-villa,,,,,,,,
[]|uppala-villa-spa-umalas,,,,,,,,
[]|black-penny-villa-ubud,,,,,,,,
[]|umae-villa-ubud,,,,,,,,
[]|villa-tukad-alit,,,,,,,,
[]|alam-puisi-villa,,,,,,,,
[]|the-oshan-villas,,,,,,,,
[]|the-antara-villas,,,,,,,,
[]|svarna-suite-seminyak,,,,,,,,
[]|dupa-ubud-villa,,,,,,,,
[]|aria-villas-ubud,,,,,,,,
[]|bracha-villas,,,,,,,,
[]|villa-lakshmi,,,,,,,,
[]|virmas-private-villa,,,,,,,,
[]|agata-villas,,,,,,,,
[]|villa-ali-agung,,,,,,,,
[]|seven-angels-villa,,,,,,,,
[]|casa-di-ungasan-suite-and-residence,,,,,,,,
[]|crown-villa-seminyak,,,,,,,,
[]|the-bidadari-luxury-villas-spa,,,,,,,,
[]|karma-jimbaran,,,,,,,,
[]|amanusa,,,,,,,,
[]|tjendana-nusa-dua,,,,,,,,
[]|gajah-villas-by-nagisa,,,,,,,,
[]|the-oasis-retreat-seminyak,,,,,,,,
[]|dencarik-villas,,,,,,,,
[]|villa-khaizan,,,,,,,,
[]|villa-casis-by-nagisa,,,,,,,,
[]|puri-sebali-resort,,,,,,,,
[]|puri-sebatu-resort,,,,,,,,
[]|villa-kija,,,,,,,,
[]|the-aura-private-villa,,,,,,,,
[]|scene-estate,,,,,,,,
[]|villa-donnys,,,,,,,,
[]|villa-rock-tanah-lot,,,,,,,,
['双卧室泳池别墅 (2 Bedroom Pool Villa)']|sari-alexa-villa,,,,,,,,
[]|ratu-alexa-villa,,,,,,,,
[]|bali-heaven-villa,,,,,,,,
['一卧室泳池别墅 (One Bedroom Pool Villa)', '单卧室泳池别墅 (1 Bedroom Pool Villa)', '双卧室泳池别墅 (2 Bedroom Pool Villa)', '两卧室泳池别墅  (Two Bedroom Pool Villa )', '两卧室泳池别墅 - 带加床  (Two-Bedroom Pool Villa with Extra Bed)', '三卧室泳池别墅 (3 Bedroom Pool Villa)']|the-seminyak-suite-private-villa,,,
[]|pure-villas,,,,,,,,
[]|vamelo-villa,,,,,,,,
[]|villa-mandala-desa,,,,,,,,
[]|satu-lagi-villa,,,,,,,,
[]|romashka-villa,,,,,,,,
[]|orivilla,,,,,,,,
[]|sunset-villa-lembongan,,,,,,,,
[]|the-loft-villa,,,,,,,,
[]|destiny-villas-seminyak,,,,,,,,
[]|villa-bukit-lovina,,,,,,,,
[]|laelia-private-resort,,,,,,,,
['两卧室别墅 - 带私人泳池 (2 Bedroom Villa with Private Pool)']|the-gatra-villa,,,,,,,,
[]|villa-sournomie,,,,,,,,
[]|villa-bidana,,,,,,,,
[]|wong-villa,,,,,,,,
[]|villa-daksina,,,,,,,,
[]|bali-emerald-villa,,,,,,,,
[]|andamar-luxury-villas,,,,,,,,
['Tapa别墅I (Tapa Villa I)']|tapa-villa-i-ii,,,,,,,,
[]|villa-tolroy,,,,,,,,
[]|premium-villas-seminyak,,,,,,,,
[]|balicosy-villas,,,,,,,,
[]|villa-ambient,,,,,,,,
['双层别墅-有露台 (Two Storey Terrace Villa)', '豪华别墅-有露台 (Deluxe Terrace Villa)', '两卧室别墅 (Two Bedroom Villa)']|the-white-villas-ubud,,,,,,
['一卧室别墅 (One Bedroom Villa)', '家庭别墅 (Family Villa)']|villa-pisces-ubud,,,,,,,
[]|the-benoa-beach-front-villa-spa,,,,,,,,
[]|the-yubi-boutique-villas,,,,,,,,
[]|ellora-villas,,,,,,,,
[]|villa-negeri-impian,,,,,,,,
[]|seminyak-beach-villa,,,,,,,,
[]|ts-hut-lembongan,,,,,,,,
[]|wismaya-villa,,,,,,,,
[]|bvilla-seminyak,,,,,,,,
[]|madhya-villa,,,,,,,,
[]|katala-villas-and-suites-sanur,,,,,,,,
[]|ziva-a-boutique-villa,,,,,,,,
[]|bvilla-seaside,,,,,,,,
[]|the-light-exclusive-villas-spa,,,,,,,,
[]|the-kasih-villas-and-spa,,,,,,,,
[]|nomina-villa,,,,,,,,
[]|villa-asri-seminyak,,,,,,,,
[]|bakung-ubud-resort-and-villas,,,,,,,,
[]|asuri-villas-kuta-by-family-hospitality,,,,,,,,
[]|the-bliss-villa,,,,,,,,
[]|pandawa-village,,,,,,,,
['单卧室豪华泳池别墅 (1 Bedroom Deluxe Pool Villa)', '双卧室豪华泳池别墅 (2 Bedroom Deluxe Pool Villa)']|villa-nian-luxury-villa-spa,,,,,,,
[]|ubud-heaven-sayan,,,,,,,,
['Canopy套房 (Canopy Suite)', '花园套房 (Garden Suite)', '森林套房 (Forest Suite)', 'Flexible Promotion - Garden Suite']|bisma-eight,,,,,
['一卧室泳池别墅 (One Bedroom Pool Villa)', '两卧室泳池别墅 (Two Bedrooms Pool Villa)', '三卧室泳池别墅 (3 Bedroom Pool Villa)']|the-canggu-boutique-villas-and-spa,,,,,,
[]|adma-umalas-resort,,,,,,,,
['单卧室套房 (1 Bedroom Suite)']|seminyak-suites-shiseido-spa,,,,,,,,
[]|the-haere-villa-seminyak,,,,,,,,
['双卧室别墅-含早餐 (2 Bedroom Villa With Breakfast)']|sari-bamboo-villas,,,,,,,,
[]|united-colours-of-resort-village,,,,,,,,
[]|villa-anisa,,,,,,,,
[]|villa-charlie,,,,,,,,
[]|aswattha-villas-by-premier-hospitality-asia,,,,,,,,
[]|akarasu-villa,,,,,,,,
[]|aberu-villas,,,,,,,,
[]|acacias-villa,,,,,,,,
[]|radiant-jepun-villa,,,,,,,,
[]|cozy-stay-simpang-enam,,,,,,,,
[]|ini-vie-villa,,,,,,,,
[]|bellevue-heritage-villas,,,,,,,,
[]|aiko-villa,,,,,,,,
[]|kamea-villa,,,,,,,,
[]|alamanda-canggu-villa-by-gamma-hospitality,,,,,,,,
[]|the-royal-villas-canggu,,,,,,,,
[]|umadauh-villa-padang-tawang-canggu,,,,,,,,
[]|kubal-villa-seminyak,,,,,,,,
[]|the-light-villas,,,,,,,,
[]|sri-abi-ratu-villa,,,,,,,,
[]|temuku-ubud-villas,,,,,,,,
[]|bali-national-golf-villas,,,,,,,,
[]|plataran-menjangan-resort-and-spa,,,,,,,,
[]|buana-luxury-villas-and-spa,,,,,,,,
['单卧室泳池别墅 (1 Bed Room Pool Villa)', '双卧室泳池别墅 (2 Bedroom Pool Villa)']|maharaja-villas,,,,,,,
[]|kayu-suar-luxury-villas-and-spa,,,,,,,,
[]|natura-resort-and-spa-ubud,,,,,,,,
[]|royal-samaja-villas,,,,,,,,
[]|regali-villa,,,,,,,,
['双卧室泳池别墅 (2 Bedroom Pool Villa)', '三卧室泳池别墅 (3 Bedroom Pool Villa)', '单卧室泳池别墅 (1 Bedroom Pool Villa)']|royal-kriyamaha-villa,,,,,,
[]|de-ubud-villas-spa,,,,,,,,
[]|adinda-balangan-beach-villa,,,,,,,,
[]|aleva-villa,,,,,,,,
[]|royal-pool-villa-club,,,,,,,,
[]|the-sanctoo-villas-spa-ubud,,,,,,,,
[]|prasana-by-arjani-resort,,,,,,,,
[]|nayla-boutique-villa,,,,,,,,
[]|dedary-kriyamaha-ubud,,,,,,,,
[]|atta-mesari-villas,,,,,,,,
[]|planta-luxury-villa,,,,,,,,
[]|hideaway-villas,,,,,,,,
[]|villa-simona-oasis-an-elite-haven,,,,,,,,
[]|ocean-valley-villa,,,,,,,,
[]|echo-beach-townhouses,,,,,,,,
[]|tejaprana-resort-spa,,,,,,,,
[]|the-kalyan-villa,,,,,,,,
[]|maya-jineng,,,,,,,,
['单卧室豪华套房 (Deluxe Suite - 1-Bedroom)', '蜜月套房(特大床) (Honeymoon Suite with King Bed)', '双卧室家庭别墅 (Family Suite - 2-Bedroom)', '特别优惠 - 私人蜜月套房 (Special Offer Private Honeymoon Suite)']|astana-swaha-villa,,,,,
[]|vinila-nusa-dua,,,,,,,,
[]|baliana-villa,,,,,,,,
[]|purana-boutique-resort,,,,,,,,
[]|djoglo-villa-ubud,,,,,,,,
[]|villa-uma-sari,,,,,,,,
[]|dian-lestari-villas-and-painting,,,,,,,,
[]|ngurah-villa,,,,,,,,
[]|villa-bukti-paradise,,,,,,,,
['双卧室泳池别墅 (2-Bedroom Villa with Pool)']|deddy-villa,,,,,,,,
[]|jd-villa-seminyak,,,,,,,,
[]|villa-elanora-1,,,,,,,,
[]|villa-santai-kuta,,,,,,,,
[]|villa-jepun-kuta,,,,,,,,
[]|villa-taman,,,,,,,,
['双卧室别墅 (2 Bedroom Villa)', '别墅-带独立泳池 (Villa With Private Pool)']|villa-ultima,,,,,,,
[]|villa-jalak-berawa,,,,,,,,
[]|revata-villa-3,,,,,,,,
['双卧室泳池别墅 (2-Bedroom Villa with Pool)']|sunrise-villa-kuta,,,,,,,,
[]|villa-halcyon-a2,,,,,,,,
[]|nicole-villa,,,,,,,,
['五卧室别墅 (5 Bedroom Villa)']|villa-louwie,,,,,,,,
[]|villa-undici-jalak,,,,,,,,
[]|villa-capung-bawah,,,,,,,,
[]|villa-kerasan,,,,,,,,
[]|kubu-sari-villa-lembongan,,,,,,,,
[]|villa-uma-by-esmee-management,,,,,,,,
[]|villa-sakura,,,,,,,,
[]|ardha-chandra-villa,,,,,,,,
[]|grand-nismara-villa,,,,,,,,
[]|villa-manggis-sanur,,,,,,,,
[]|la-leela-gaing-mas-jimbaran,,,,,,,,
[]|da-vinci-the-villa,,,,,,,,
[]|dewi-sri-private-villa,,,,,,,,
[]|aksari-villa,,,,,,,,
[]|the-kirana-ungasan-villa,,,,,,,,
[]|air-sanih-beach-villa,,,,,,,,
[]|alamdini-resort-ubud,,,,,,,,
[]|grand-la-villais-villa-and-spa-seminyak,,,,,,,,
[]|padma-villa,,,,,,,,
[]|villa-jenja,,,,,,,,
[]|botanical-private-villas,,,,,,,,
['三卧室别墅 (Three-Bedroom Villa)']|cabana-village-jimbaran,,,,,,,,
[]|lembongan-d-licks-villa,,,,,,,,
[]|sativa-villas-ubud,,,,,,,,
['一卧室泳池别墅 (One Bedroom Pool Villa)', '两卧室泳池别墅  (Two Bedroom Pool Villa )']|temple-view-boutique-villa,,,,,,,
[]|intan-mutiara-seminyak-villa,,,,,,,,
[]|rabasta-kubu-suites-seminyak,,,,,,,,
[]|galang-bulan-villas,,,,,,,,
[]|homayoon-villa,,,,,,,,
[]|uppala-villa-spa-nusa-dua,,,,,,,,
[]|shania-villas-canggu,,,,,,,,
[]|anna-villa,,,,,,,,
[]|villa-alma,,,,,,,,
[]|pondok-buda,,,,,,,,
[]|samsara-ubud,,,,,,,,
[]|sleeping-budha-villa,,,,,,,,
[]|d--kaja-ubud,,,,,,,,
[]|esperanto-villa-seminyak,,,,,,,,
[]|vivo-villas,,,,,,,,
[]|babakan-view-villas,,,,,,,,
[]|taman-bintang-villa-ubud,,,,,,,,
[]|maha-lakshmi-ubud-villa,,,,,,,,
[]|abirama-ubud-villa,,,,,,,,
[]|villa-pusha,,,,,,,,
[]|villa-di-berawa-beach-side,,,,,,,,
[]|villa-lilin,,,,,,,,
[]|villa-hening,,,,,,,,
['红色两卧室别墅 - 带私人游泳池 (Red Two-Bedroom Villa with Private Pool)', '四卧室别墅-带独立泳池 (Four-Bedroom Villa with Private Pool)']|frost-villas,,,,,,,
[]|colonial-white-villa-seminyak,,,,,,,,
['平房 (Bungalow)']|agura-bungalow-petitenget-beach,,,,,,,,
[]|villa-plumeria,,,,,,,,
[]|bije-suite-suweta,,,,,,,,
[]|nick-villa,,,,,,,,
[]|joli-guesthouse-bungalows,,,,,,,,
[]|villa-tounga-sanur,,,,,,,,
[]|palm-house,,,,,,,,
[]|villa-odyssey,,,,,,,,
[]|villa-antiga-2,,,,,,,,
[]|deluxe-seminyak-villa,,,,,,,,
[]|jepun-villa-1-sanur,,,,,,,,
[]|waters-view-villa-by-soscomma,,,,,,,,
[]|kupu-kupu-bungalows,,,,,,,,
[]|villa-savvoya,,,,,,,,
[]|royal-retreats-villa,,,,,,,,
[]|thantha-ubud-villa,,,,,,,,
[]|villa-leon-managed-by-lovel-elite-estate,,,,,,,,
[]|s18-villas,,,,,,,,
[]|the-jasmina-estate,,,,,,,,
[]|villa-cosmopolitan,,,,,,,,
[]|lalasa-villas,,,,,,,,
[]|kubu-tani,,,,,,,,
[]|villa-krishna,,,,,,,,
[]|villa-melati,,,,,,,,
[]|villa-ladisa-balangan,,,,,,,,
['两卧室别墅 (Two-Bedroom Villa)']|sunmix-villa,,,,,,,,
[]|komaneka-at-keramas-beach-bail,,,,,,,,
[]|villa-mahi-mahi-bingin,,,,,,,,
[]|benoa-sea-suites-and-villas,,,,,,,,
[]|pondok-griya-sandi-villa,,,,,,,,
[]|hurley-house,,,,,,,,
[]|dawas-villa-canggu,,,,,,,,
[]|cemagi-beach-front-villa,,,,,,,,
[]|villa-arushi-seminyak,,,,,,,,
[]|mahana-boutique-apartment-denpasar),,,,,,,,
[]|villa-kora,,,,,,,,
[]|namindra-villa,,,,,,,,
[]|dreamscape-bali-villas-by-nagisa-bali,,,,,,,,
[]|laba-ubud-villa,,,,,,,,
[]|ceningan-cool-breeze-villa,,,,,,,,
[]|villa-positano,,,,,,,,
[]|villa-kubu-agung,,,,,,,,
[]|villa-orchid,,,,,,,,
[]|villa-dedaren,,,,,,,,
[]|villa-srikandi,,,,,,,,
['平房 (Bungalow)']|bo-s-bungalows-and-restaurant,,,,,,,,
[]|lucky-family-cottage,,,,,,,,
[]|umah43-ubud-2,,,,,,,,
[]|pondok-anastasia,,,,,,,,
[]|villa-ora,,,,,,,,
[]|chandara-villa-nusa-dua,,,,,,,,
[]|serene-rice-field-terrace-canggu-3--bedrooms-villa,,,,,,,,
[]|villa-sudamala,,,,,,,,
[]|n-villa,,,,,,,,
['别墅-带独立泳池 (Villa With Private Pool)']|villa-nuansa-cliff,,,,,,,,
[]|villa-lumba-lumba,,,,,,,,
[]|balian-beach-villa,,,,,,,,
[]|villa-de-siam,,,,,,,,
[]|villa-jackson,,,,,,,,
[]|villa-beach-seminyak,,,,,,,,
[]|bali-butterfly-villas,,,,,,,,
[]|villa-gwen,,,,,,,,
[]|alit-villa,,,,,,,,
[]|lemon-grass-villa,,,,,,,,
[]|tegal-jero-homestay,,,,,,,,
[]|villa-suryanti,,,,,,,,
[]|beranda-private-villa,,,,,,,,
[]|villa-semadhi,,,,,,,,
['高级别墅 (Superior Villa)', '高级别墅 (Superior Villa)', '高级别墅 (Superior Villa)']|lovina-villa-resort-puri-bulan,,,,,,
[]|soobali-roemah-emily,,,,,,,,
[]|soobali-mudita-villa,,,,,,,,
[]|villa-jalak,,,,,,,,
[]|phinisi-villas-seminyak-city-center,,,,,,,,
['四卧室别墅-带独立泳池 (Four-Bedroom Villa with Private Pool)']|the-lane-villa,,,,,,,,
[]|villa-happy-days,,,,,,,,
[]|allira-villa-1,,,,,,,,
[]|villa-ahh-ubud,,,,,,,,
[]|the-villa-umalas,,,,,,,,
[]|villa-double-six,,,,,,,,
[]|the-indies-estate,,,,,,,,
[]|villa-shaniya,,,,,,,,
[]|villa-dunia-impian,,,,,,,,
[]|turtle-dove-menjangan,,,,,,,,
[]|villa-joey,,,,,,,,
[]|cloud-nine-estate,,,,,,,,
[]|natya-residence-jimbaran-denpasar,,,,,,,,
['双卧室别墅-带独立泳池 (Two-Bedroom Villa with Private Pool)']|ubud-lestari-villa,,,,,,,,
[]|villa-lovina-pondok-jepun,,,,,,,,
[]|dragonfly-cottage,,,,,,,,
[]|bale-village-c3,,,,,,,,
[]|luxury-villa-seminyak-serenity,,,,,,,,
[]|ila-villa,,,,,,,,
['Joglo别墅 (Joglo Villa)', '单卧室泳池别墅 (1 Bedroom Pool Villa)']|ubud-art-villas,,,,,,,
[]|villa-168,,,,,,,,
[]|akasia-homestay,,,,,,,,
[]|villa-lumba-lumba-lovina-7,,,,,,,,
['单卧室别墅 (1 Bedroom Villa)']|the-muaya-villa,,,,,,,,
[]|rumah-nyaman-villa,,,,,,,,
[]|villa-abadi-luxury-vacation-rental,,,,,,,,
[]|villa-underwood,,,,,,,,
[]|golden-garden-guesthouse,,,,,,,,
[]|ampel-gading-arteast-house,,,,,,,,
[]|villa-kori-private,,,,,,,,
[]|villa-pondok,,,,,,,,
[]|irisha-villa,,,,,,,,
[]|rumah-impian,,,,,,,,
[]|timboel-villas,,,,,,,,
[]|villa-bulan-seminyak,,,,,,,,
[]|villa-kindie,,,,,,,,
[]|kubu-solas,,,,,,,,
[]|widi-agung-villa-2,,,,,,,,
[]|villa-baba,,,,,,,,
[]|villa-kayan,,,,,,,,
[]|shanty-country-house,,,,,,,,
['别墅-带独立泳池 (Villa With Private Pool)']|villa-ronin,,,,,,,,
['两卧室别墅 (Two-Bedroom Villa)']|maluhia-haven,,,,,,,,
[]|hidden-garden-villa,,,,,,,,
['海滨别墅 (Villa - Beach Front)']|villa-sekar-jepun-medewi,,,,,,,,
[]|rumah-lumbung,,,,,,,,
[]|soobali-mudita-villa,,,,,,,,
[]|villa-dandelion,,,,,,,,
[]|villa-zita,,,,,,,,
[]|bintang-beach-villa,,,,,,,,
[]|contemporary-villa-anle-jimbaran,,,,,,,,
[]|villa-semut-merah,,,,,,,,
[]|saora-homestay,,,,,,,,
[]|bale-village-b5-villa,,,,,,,,
[]|villa-valley,,,,,,,,
['四卧室别墅 (4 Bedroom Villa)', '四卧室别墅-带独立泳池 (Four-Bedroom Villa with Private Pool)']|the-beach-front-villa-2,,,,,,,
['单卧室泳池别墅 (1 Bedroom Pool Villa)', '双卧室泳池别墅-可住4人 (2-Bedroom Pool Villa (4 Adults))']|ayawana-villa,,,,,,,
[]|villa-dominique-managed-by-lovel-elite-estate,,,,,,,,
[]|twin-flower-villa,,,,,,,,
[]|homeawayinbali-villa-raja,,,,,,,,
['单卧室别墅 (1 Bedroom Villa)']|artha-mulia-house,,,,,,,,
[]|villa-kawung-b,,,,,,,,
[]|pumpkin-village-ubud,,,,,,,,
[]|villa-punyan,,,,,,,,
[]|sanghyang-bay-villas,,,,,,,,
[]|villa-jolie-no7,,,,,,,,
[]|palmsuite-seminyak,,,,,,,,
[]|villa-berry,,,,,,,,
[]|alea-villas,,,,,,,,
[]|villa-tio,,,,,,,,
[]|asri-sari-villa-2,,,,,,,,
[]|tri-dewi-private-residence,,,,,,,,
[]|beachouse-lovina,,,,,,,,
[]|villa-m-k,,,,,,,,
[]|yumana-villa,,,,,,,,
[]|the-belong-cottages,,,,,,,,
[]|villa-seryan,,,,,,,,
[]|umah43-ubud-1,,,,,,,,
[]|villa-santai-byon,,,,,,,,
[]|villa-vanilla-2,,,,,,,,
[]|villa-hl,,,,,,,,
[]|puri-karang-residence,,,,,,,,
[]|bingin-bienvenue-guest-house,,,,,,,,
[]|villa-namaste,,,,,,,,
[]|bayshore-villa-sanur,,,,,,,,
[]|maha-astana-villa-and-residence,,,,,,,,
[]|dayu-alit-budakeling,,,,,,,,
[]|discovery-candidasa-villas-and-ayurvedic-spa,,,,,,,,
[]|constant-heaven-villas,,,,,,,,
[]|villa-88,,,,,,,,
[]|santi-sari-boutique-hotel-and-spa,,,,,,,,
[]|villa-raka,,,,,,,,
[]|villa-dejama,,,,,,,,
[]|aquamarine-sea-view-villa,,,,,,,,
[]|villa-alam-biru-ii,,,,,,,,
[]|villa-tanjung,,,,,,,,
['两卧室别墅 (Two-Bedroom Villa)']|pondok-pekak-mangku,,,,,,,,
[]|dream-beach-villa,,,,,,,,
[]|umah-babakan,,,,,,,,
[]|bingin-beach-house,,,,,,,,
[]|frangipani-villa-seminyak,,,,,,,,
[]|dewi-sri-villa-ii,,,,,,,,
[]|kabinawa-villa,,,,,,,,
[]|mandala-village,,,,,,,,
[]|villa-alam-biru,,,,,,,,
[]|dinasty-villa,,,,,,,,
[]|villa-belharra,,,,,,,,
[]|villa-shamballa,,,,,,,,
[]|villa-batu-sari,,,,,,,,
[]|sandyblue-villas,,,,,,,,
[]|yuwadee-resort,,,,,,,,
[]|waterfront-suites-by-centara,,,,,,,,
['热带泳池别墅 (Tropical Pool Villa)', '复式泳池别墅 (Duplex Pool Villa)', '全景复式别墅 - 带泳池 (Duplex Pool Villa with Panoramic View)', '双卧室泳池别墅-含早餐 (2 Bedroom Pool Villa With Breakfast)', '四卧室别墅-带独立泳池 (Four-Bedroom Villa with Private Pool)']|villa-zolitude-resort-spa,,,,
[]|the-naka,,,,,,,,
[]|glow-elixir-koh-yao-yai--phang-nga,,,,,,,,
[]|kamala-beach-estate,,,,,,,,
[]|kamala-tropical-garden,,,,,,,,
[]|secret-cliff-villa,,,,,,,,
[]|seastone-private-pool-villas,,,,,,,,
[]|kata-sea-view-villas,,,,,,,,
[]|layan-villas,,,,,,,,
[]|le-piman-resort,,,,,,,,
[]|the-pe-la-resort,,,,,,,,
['豪华别墅(双人床) (Deluxe Villa Double bed)']|rawai-boutique-resort,,,,,,,,
[]|phuket-riviera-villas,,,,,,,,
[]|laguna-holiday-club-resort,,,,,,,,
[]|angsana-villas-resort-(formerly-outrigger-laguna-resort-and-villas),,,,,,,,
[]|ayara-hilltops-boutique-resort-spa,,,,,,,,
[]|andara-resort-villas,,,,,,,,
[]|doublepool-villa-by-banyan-tree,,,,,,,,
['Spa别墅 - 带私人泳池和无限按摩服务 (Spa Villa with Private Pool and Unlimited Massage)']|banyan-tree-spa-sanctuary,,,,,,,,
[]|anantara-vacation-club-mai-khao,,,,,,,,
[]|wanaburi-hotel-,,,,,,,,
[]|dream-sea-pool-villas,,,,,,,,
[]|sugar-palm-residence,,,,,,,,
['豪华泳池别墅 (Deluxe Pool Villa)', '海景泳池家庭别墅 (Family Pool Sea View Villa)']|niramaya-villa-wellness-resort,,,,,,,
['度假泳池别墅 (Hideaway Pool Villa)', '两卧室泳池度假别墅 (Hideaway Two-Bedroom Pool Villa )']|six-senses-yao-noi,,,,,,,
['单卧室泳池别墅 (1 Bedroom Pool Villa)', '双卧室泳池别墅 (2 Bedroom Pool Villa)']|the-8-pool-villa,,,,,,,
[]|phuket-lagoon-pool-villa,,,,,,,,
[]|happy-eight-resort,,,,,,,,
[]|khanitta-bukitta-airport-condominium,,,,,,,,
[]|ananta-thai-pool-villa-resort,,,,,,,,
[]|sangpathum-villa,,,,,,,,
[]|phuphasrirung-resort,,,,,,,,
[]|baannaraya-exclusive-pool-villa-residence,,,,,,,,
[]|villa-sunpao-resort-and-spa,,,,,,,,
['平房别墅 (Bungalow Villa)', '小屋客房(双床) (Bungalow Twin)', '豪华别墅 (Deluxe Villa)']|phuket-airport-villa,,,,,,
[]|the-pavilions--suites,,,,,,,,
[]|kokyang-estate-by-tropiclook,,,,,,,,
[]|rawai-vip-villas-kids-park,,,,,,,,
[]|recenta-suite-suanluang,,,,,,,,
[]|star-path-villa,,,,,,,,
['三卧室别墅 (3-Bedroom Villa)']|kata-hill-view-villas-by-kata-sea-view-villas,,,,,,,,
['独立泳池别墅 (Private Pool Villa)']|the-kara-pool-villa,,,,,,,,
['别墅单间 (Villa Studio)', '标准别墅 (Standard Villa)', '别墅单间房 (Villa Studio Room)', 'S Series客房 (S series)']|1715-house-caff-resort,,,,,
[]|sea-space-villa,,,,,,,,
[]|villa-chan-grajang-an-elite-haven,,,,,,,,
[]|yoosook-youyou-villa,,,,,,,,
[]|private-havana,,,,,,,,
[]|i-town-home-private-house,,,,,,,,
[]|wang-nam-jai-an-elite-haven,,,,,,,,
[]|ani-villas-thailand,,,,,,,,
[]|patong-loft-condo,,,,,,,,
[]|kamala-paradise,,,,,,,,
[]|the-view,,,,,,,,
[]|lespalm-luxury-pool-villa,,,,,,,,
[]|villa-chonsri-by-holiplanet,,,,,,,,
[]|the-promenade-villa-by-holiplanet,,,,,,,,
[]|dwell-at-chalong-hill,,,,,,,,
[]|anchan-private-pool-villa,,,,,,,,
[]|locals-villa-hotel,,,,,,,,
[]|favstay-passaorn,,,,,,,,
[]|saturdays-residence,,,,,,,,
[]|horizon-youyou-villa,,,,,,,,
[]|baan-mee,,,,,,,,
['双卧室豪华套房 (2 Bedroom Deluxe Suite)']|time-travel,,,,,,,,
['单卧室别墅 (One-Bedroom Villa)', '两卧室别墅 (Two-Bedroom Villa)']|symphony-villa,,,,,,,
[]|pumeria-resort,,,,,,,,
[]|villa-winson,,,,,,,,
[]|inspire-villas-by-favstay,,,,,,,,
[]|boutique-resort,,,,,,,,
[]|glam-habitat-hotel,,,,,,,,
[]|villa-140,,,,,,,,
[]|villa-bua-savan,,,,,,,,
['别墅 (Villa)']|nice-villa,,,,,,,,
[]|villa-arunsi-patong,,,,,,,,
['两卧室联体别墅 (Two-Bedroom Townhouse)']|phuket-beach-pool-villas,,,,,,,,
[]|ban-elephant-blanc,,,,,,,,
[]|villa,,,,,,,,
[]|aqua-villa-no--5,,,,,,,,
['别墅-带独立泳池 (Villa With Private Pool)']|villa-kuta-by-holiplanet,,,,,,,,
[]|villa-bukit-by-holiplanet,,,,,,,,
[]|seventh-villa,,,,,,,,
[]|villa-susu-by-holiplanet,,,,,,,,
[]|7-bedrooms-villa-with-seaview,,,,,,,,
[]|villa-lovina-by-holiplanet,,,,,,,,
[]|the-residence-villa-2-bedroom,,,,,,,,
[]|residence-villa-3-bedroom,,,,,,,,
[]|ratchamaka-by-zen-villa,,,,,,,,
[]|baba-beach-club-hotel-phang-nga,,,,,,,,
[]|kinnaree-loch-palm-golf-villa-by-chattha,,,,,,,,
[]|the-screen,,,,,,,,
['套房(1楼) (Suite - First Floor)', '套房 - 二楼 (Suite - Second Floor )', '日式风格的联排别墅- 大山 (Japanese-Style Townhouse  Oyama)', '日式风格的联排别墅 - 大池 (Japanese-Style Townhouse  Oike)']|kyoyado-usagi,,,,,
[]|small-luxury-ryugin,,,,,,,,
[]|hanakago,,,,,,,,
[]|acqua-pulita,,,,,,,,
[]|kyomachiya-stay-waka-fushimi-inari,,,,,,,,
[]|tasaki-ya,,,,,,,,
['日式联排别墅 - 无烟 (Japanese-Style Townhouse - Non-Smoking)', '双卧室联排别墅 - 禁烟 (Two-Bedroom Townhouse - Non-Smoking)']|kyoisuke-mukadeyacho,,,,,,,
[]|kamohan,,,,,,,,
[]|kyoto--yadomachi--kamishichiken,,,,,,,,
[]|kyoto--yadomachi　wakamiyagojo,,,,,,,,
[]|villa-incognito,,,,,,,,
[]|serendipity-kyoto,,,,,,,,
[]|theatre-and-library-residence--kyoto-imagumano-,,,,,,,,
[]|oyado-shogoin,,,,,,,,
[]|coto-fushimi,,,,,,,,
['独立客房 (Private Room)', '度假屋 (Holiday Home)']|jizo-house,,,,,,,
['日式风格联排别墅 (Japanese-Style Townhouse)']|rinn-rokujo-machiya,,,,,,,,
[]|guest-house-sowaka,,,,,,,,
[]|kyoto-guesthouse-oyado-kei,,,,,,,,
[]|rakurakudai-koutouen,,,,,,,,
['町屋传统别墅-可住4人 (Machiya Traditional Townhouse for 4 People)']|kyoto-fushimi-guest-house,,,,,,,,
[]|jq-villa-jurakutei,,,,,,,,
[]|ichiyo-an,,,,,,,,
[]|tateru-ann-ontomocho,,,,,,,,
[]|rinn-murasakino,,,,,,,,
['度假屋 (Holiday Home)']|rinn-harikoji-58,,,,,,,,
[]|garakuan,,,,,,,,
['双卧室套房 (Suite - 2 Bed Room)', '套房-可住4人 (Suite (4 Adults))']|yadoya-aoi,,,,,,,
[]|hosta-nijo-aoi,,,,,,,,
[]|guest-house-hanalei,,,,,,,,
['日式风格联排别墅 (Japanese-Style Townhouse)', '2 Bedroom 71 to 75 Sq M']|rinn-fushimiinari,,,,,,,
[]|koto-hananobou,,,,,,,,
['日本风格联排别墅II (Japanese-Style Townhouse II)', '一号日式联排别墅 (Japanese-Style Townhouse I)', '日本风格联排别墅IV (Japanese-Style Townhouse IV)', '日本风格联排别墅III (Japanese-Style Townhouse III)']|gion-no-yado,,,,,
[]|aya-inn-karasuma-gojo,,,,,,,,
[]|bna-gallery,,,,,,,,
[]|funaoka-an,,,,,,,,
[]|kumano-house,,,,,,,,
[]|kyo-machiya-no-yado-bettei-butsuguyacho,,,,,,,,
[]|koume-no-hanare,,,,,,,,
[]|family-house-in-demachiyanagi-25,,,,,,,,
[]|bb-2-bedroom-private-house-in-marutamachi,,,,,,,,
[]|pt-demachiyanagi-2-br-private-house,,,,,,,,
['双卧室别墅 (2 Bedroom Home)']|pt-fushimi-inari-2-br-private-house-2,,,,,,,,
[]|guest-house-mieiken-5,,,,,,,,
[]|lp-3-bedroom-house-near-ginkakuji,,,,,,,,
[]|hakuto,,,,,,,,
[]|th-2-bedroom-house-near-nijo-castle,,,,,,,,
[]|kyomachiyanoyado-794inn-kiyomizu-gojo,,,,,,,,
['日式风格联排别墅 (Japanese-Style Townhouse)']|hananoya-bettei,,,,,,,,
[]|kumomachiya-gion-holiday-house,,,,,,,,
[]|kyoto-gojo-fairyland,,,,,,,,
[]|sankara-hotel-spa-yakushima,,,,,,,,
[]|four-season-pension,,,,,,,,
[]|jeju-pent-house,,,,,,,,
[]|eco-suites,,,,,,,,
[]|pineville-pension,,,,,,,,
[]|guroomi,,,,,,,,
[]|jeju-nandere-pension,,,,,,,,
[]|weandme-pension,,,,,,,,
[]|luna-in-pension,,,,,,,,
[]|special-pension,,,,,,,,
[]|somerset-shinhwa-world,,,,,,,,
[]|haemaji-pension,,,,,,,,
[]|pelichae-pension,,,,,,,,
[]|jungmun-sunrise-hotel,,,,,,,,
[]|sweet-salt-pension,,,,,,,,
[]|sea-walk-pension,,,,,,,,
[]|saint-four-golf-resort,,,,,,,,
[]|nemo-pension,,,,,,,,
[]|aewol-paradise-pension,,,,,,,,
[]|baseball-village-pension,,,,,,,,
[]|seabiyang-village-pension,,,,,,,,
[]|halla-and-tom,,,,,,,,
[]|windstone-pension,,,,,,,,
[]|log-park-holiday-hotel,,,,,,,,
[]|right-now-pension,,,,,,,,
[]|island-ssanta-private-pension,,,,,,,,
[]|wyndham-waikiki-beach-walk,,,,,,,,
[]|valeria-mini-hotel,,,,,,,,
[]|paradise-road-tintagel,,,,,,,,
[]|residence-by-uga-escapes,,,,,,,,
[]|lake-villa,,,,,,,,
[]|villa-bolgoda,,,,,,,,
['三卧室别墅 (Three-Bedroom Villa)']|lv29,,,,,,,,
[]|mango-villa,,,,,,,,
[]|zoetry-villa-rolandi-isla-mujeres-all-inclusive,,,,,,,,
[]|sunset-royal-beach-resort-all-inclusive,,,,,,,,
['公寓 (Apartment)']|departamentos-villas-capdeviel,,,,,,,,
[]|jusandi,,,,,,,,
[]|the-seven-stars-resort,,,,,,,,
[]|springbrook-mountain-manor,,,,,,,,
[]|aaronlee-retreat,,,,,,,,
[]|tambaridge-bed-breakfast-gold-coast,,,,,,,,
[]|ruffles-lodge-and-spa-victoria-valley,,,,,,,,
[]|hillside-country-retreat,,,,,,,,
[]|meriton-suites-southport,,,,,,,,
[]|midori-villa-2,,,,,,,,
[]|midori-villa-1,,,,,,,,
[]|tranquility-cove-broadbeach,,,,,,,,
[]|la-casa-sirena-mermaid-beach,,,,,,,,
[]|ombak-villa,,,,,,,,
['标准套房 (Standard Suite)', '豪华套房 (Deluxe Suite)', '行政套房 (Executive Suite)']|sea-resort-private-unit-langkawi-lagoon,,,,,,
['假期别墅 (Vacation Home)']|white-lodge-vacation-home,,,,,,,,
[]|d’coconut-villa,,,,,,,,
['三卧室套房 (3 Bedroom Suite)']|holiday-apartment-at-kondo-istana,,,,,,,,
[]|langkawi-m-villa,,,,,,,,
[]|dvilla-guesthouse,,,,,,,,
[]|langkawi-lagoon-resort-honeymoon-suite-by-de-lagoon,,,,,,,,
[]|may-vacation-home,,,,,,,,
[]|jay’s-homestay,,,,,,,,
[]|nas-guesthouse,,,,,,,,
[]|baan-ling-noi,,,,,,,,
[]|tango-luxe-samui-beach-villa,,,,,,,,
[]|paradise-island-estate,,,,,,,,
[]|replay-pool-villa-samui,,,,,,,,
[]|samui-heritage-resort,,,,,,,,
[]|bhumlapa-garden-resort,,,,,,,,
[]|samui-boat-lagoon,,,,,,,,
[]|the-fine-place-samui,,,,,,,,
[]|chaweng-lakeview-condotel,,,,,,,,
[]|samui-baan-sukreep-resort,,,,,,,,
[]|garden-home-samui,,,,,,,,
[]|seaview-paradise-beach-and-mountain-holiday-villas-resort,,,,,,,,
[]|x2-samui-all-spa-inclusive-resort,,,,,,,,
[]|viva-vacation-resort,,,,,,,,
[]|sea-valley-hotel-spa,,,,,,,,
[]|laem-sila-resort,,,,,,,,
[]|phangka-paradise-resort,,,,,,,,
[]|synergy-samui-resort,,,,,,,,
[]|samui-honey-suite,,,,,,,,
[]|six-senses,,,,,,,,
[]|outrigger-beach-resort,,,,,,,,
[]|sareeraya-villas-suites-samui,,,,,,,,
[]|bhundhari-resort-and-spa,,,,,,,,
[]|code,,,,,,,,
[]|saree-samui-by-the-unique-collection,,,,,,,,
[]|kanda-residences-pool-villa,,,,,,,,
[]|arayaburi-boutique-resort,,,,,,,,
[]|samui-paradise-chaweng-beach-resort-spa,,,,,,,,
[]|villa-seawadee-samui,,,,,,,,
[]|floral-hotel-pool-villa,,,,,,,,
[]|villa-melitta,,,,,,,,
[]|shasa-resort-residence,,,,,,,,
[]|tongsai-grand-villas,,,,,,,,
[]|executive-pool-villa-by-baan-haad-ngam,,,,,,,,
[]|lotus-samui,,,,,,,,
[]|maryoo-samui-hotel,,,,,,,,
[]|tropica-villas-resort,,,,,,,,
[]|the-villas-by-silavadee-pool-spa-resort,,,,,,,,
[]|pool-sawat-villa-samui,,,,,,,,
[]|aqua-samui-villa-coral,,,,,,,,
[]|tides-boutique-samui-resort-spa,,,,,,,,
[]|boujis-boutique-resort,,,,,,,,
[]|kaya-mani-thai-villa-resort-samui,,,,,,,,
[]|samujana-four-bedroom-pool-villa-villa-15,,,,,,,,
[]|samujana-five-bedroom-spectacular-pool-villa-villa-20,,,,,,,,
[]|astoria-villas,,,,,,,,
[]|lamai-eric-villa-samui,,,,,,,,
[]|miskawaan-villa-gardenia,,,,,,,,
[]|villa-mojito,,,,,,,,
[]|siam-view-samui,,,,,,,,
[]|sunny-resort,,,,,,,,
[]|bhundhari-villas,,,,,,,,
[]|villa-blue-bay,,,,,,,,
[]|the-thibault-at-design-square,,,,,,,,
[]|napa-samui-villas,,,,,,,,
[]|the-pool-villas-by-peace-resort-samui,,,,,,,,
[]|sawasdee-sea-view,,,,,,,,
[]|sea-front-pool-villas-by-the-sarann,,,,,,,,
[]|villa-deluxe-1br-grand-view-chaweng,,,,,,,,
[]|khun-anna-villas,,,,,,,,
[]|alexandr-j-bophut-co-ltd,,,,,,,,
[]|aumpai-luxury,,,,,,,,
[]|samui-sea-breeze-house,,,,,,,,
[]|the-retreat-4-bed-luxury-sea-view-managed-villa,,,,,,,,
[]|villa-taling-ngam,,,,,,,,
[]|baan-sanom,,,,,,,,
[]|the-pool-villa-by-the-passage,,,,,,,,
[]|castor-villa,,,,,,,,
[]|baan-lom-talay,,,,,,,,
[]|villa-thai-tonic,,,,,,,,
[]|inasia-villa,,,,,,,,
[]|boom-bay-bungalow,,,,,,,,
[]|rocking-chair-pool-villa,,,,,,,,
[]|samui-beautiful-beach-villas,,,,,,,,
[]|villamanda,,,,,,,,
[]|villa-summer-salt,,,,,,,,
[]|my-suite,,,,,,,,
[]|le-consulat,,,,,,,,
[]|bluefins-resort,,,,,,,,
[]|buena-vida-suites-capitol,,,,,,,,
[]|lancaster-hotel,,,,,,,,
[]|sta--barbara-suites,,,,,,,,
[]|rumah-highlands-hotel,,,,,,,,
[]|panorama-de-resort,,,,,,,,
['三卧室别墅 (Three-Bedroom House)', '三卧室联排别墅 (Three-Bedroom Townhouse)']|rian-house,,,,,,,
[]|hisoler-beach-resort,,,,,,,,
[]|intosan-resort,,,,,,,,
[]|amax-guest-house,,,,,,,,
[]|allure-beach-villa,,,,,,,,
[]|som-fona-adults-only,,,,,,,,
[]|aparthotel-austria-suites,,,,,,,,
[]|residence-karlova,,,,,,,,
[]|son-tra-resort-spa,,,,,,,,
[]|the-ocean-villas,,,,,,,,
[]|banyan-tree-lang-co,,,,,,,,
[]|premier-village-danang-resort,,,,,,,,
[]|pearl-paradise-villa-danang,,,,,,,,
[]|furama-villas,,,,,,,,
[]|happy-vietnam-villa,,,,,,,,
[]|vinpearl-ocean-resort-and-villas,,,,,,,,
[]|danang-retreat-homestay,,,,,,,,
[]|the-yacht-villa,,,,,,,,
[]|mj-villa-the-ocean-villas,,,,,,,,
[]|villa-tourane,,,,,,,,
[]|charm-ocean-villa,,,,,,,,
[]|petit-villa-boutique-spa,,,,,,,,
[]|encore-angkor-villa-residence,,,,,,,,
[]|natura-resort,,,,,,,,
[]|amatao-tropical-residence,,,,,,,,
[]|petit-temple-suite-spa,,,,,,,,
[]|chateau-d-angkor-la-residence,,,,,,,,
['双卧室套房-含早餐 (2 Bedroom Suite With Breakfast)']|three-rooms-angkor-orchid-secret-villa,,,,,,,,
[]|villa-nisay,,,,,,,,
[]|villa-amalia,,,,,,,,
[]|la-riviere-d--angkor,,,,,,,,
[]|tresor-d’angkor-suite,,,,,,,,
[]|phum-baitang-resort,,,,,,,,
[]|de-sarann-villa,,,,,,,,
[]|isann-lodge,,,,,,,,
[]|amansara-resort,,,,,,,,
[]|tropicana-residence-resort,,,,,,,,
[]|templation-hotel,,,,,,,,
[]|java-wooden-villa-by-aic,,,,,,,,
[]|marvel-holiday-boutique,,,,,,,,
[]|wooden-residence-villa,,,,,,,,
[]|marrison-boutique-spa--slor-kram,,,,,,,,
[]|peacetree-private-villas,,,,,,,,
[]|yuletong-international-firstvilla,,,,,,,,
[]|cambana-residence,,,,,,,,
[]|annie-home,,,,,,,,
['高级双人间 - 带免费接客服务 (Superior Double Room - Free Pickup)', '豪华双人间 - 免费接机服务 (Deluxe Double Room - Free Pickup)', '池景豪华双人房-免费接机服务 (Deluxe Double Pool View - free airport pick up)', '池畔豪华套房 (Deluxe Suite Pool Side)']|koirn-lee-boutique,,,,,
[]|hailasa-villa,,,,,,,,
[]|luxury-private-poolvilla,,,,,,,,
['两卧室别墅 (Two-Bedroom Villa)']|modern-white-villa,,,,,,,,
[]|lynnaya-luxury-resort,,,,,,,,
[]|ma-maison-khmer,,,,,,,,
['两卧室别墅 (Two-Bedroom Villa)', '三卧室别墅 (Three-Bedroom Villa)']|peacetree,,,,,,,
[]|5-elements-boutique-hotel,,,,,,,,
[]|lace-boutique-hotel,,,,,,,,
[]|austin-heights-golf-hotel-resort,,,,,,,,
[]|a-little-villa,,,,,,,,
[]|baan-malisa-villa,,,,,,,,
['一卧室别墅 (One Bedroom Villa)']|leelawadee-garden-resort,,,,,,,,
['一卧室别墅 (One Bedroom Villa)']|nakamanda-resort-spa-krabi,,,,,,,,
[]|oscar-villa-aonang,,,,,,,,
[]|thalane-resort,,,,,,,,
[]|pimann-buri-pool-villa-resort,,,,,,,,
[]|buabaan-villa-krabi,,,,,,,,
[]|seava-house-ao-nang,,,,,,,,
[]|baan-andaman-villa,,,,,,,,
[]|poonsiri-villa-aonang,,,,,,,,
[]|amatapura-beach-villa-1,,,,,,,,
[]|baan-manu-chang-villa,,,,,,,,
[]|the-unique-private-pool-villa,,,,,,,,
['三卧室泳池别墅 (3 Bedroom Pool Villa)']|alisea-pool-villas,,,,,,,,
[]|the-best-ao-nang-villas,,,,,,,,
[]|the-nine-thipthara-klongson-resort-krabi,,,,,,,,
[]|pooltara-resort,,,,,,,,
[]|koh-klang-riverside-homestay,,,,,,,,
[]|baan-piengfah,,,,,,,,
[]|blue-nara,,,,,,,,
[]|aonang-residence,,,,,,,,
[]|phi-phi-spirit-house,,,,,,,,
[]|seava-private-house,,,,,,,,
[]|villas-s-argamassa,,,,,,,,
[]|hostal-la-torre-ibiza-cap-negret,,,,,,,,
[]|vinpearl-luxury,,,,,,,,
[]|nha-trang-beach-front-apartment,,,,,,,,
[]|merperle-sunset-villa--hon-tam-island,,,,,,,,
[]|vinpearl-long-beach-villas,,,,,,,,
[]|vinpearl-golf-land-villas,,,,,,,,
[]|celina-bayfront-centre,,,,,,,,
[]|vinpearl-bay-villas,,,,,,,,
[]|d26-hotel,,,,,,,,
[]|away-hua-hin-pranburi-boutique-resort,,,,,,,,
[]|la-a-natu-bed-bakery,,,,,,,,
[]|pranburi-cabana-resort,,,,,,,,
[]|ruenkanok-thaihouse-resort-hua-hin,,,,,,,,
[]|the-hen-hua-hin,,,,,,,,
[]|zea-za-garden-hua-hin,,,,,,,,
[]|paradee-resort-hua-hin,,,,,,,,
[]|movenpick-asara-resort-spa-hua-hin,,,,,,,,
[]|v-villas-hua-hin,,,,,,,,
[]|kiri--nakara-villa-hua-hin,,,,,,,,
[]|the-spirit-hua-hin-resort,,,,,,,,
[]|the-verona-hua-hin,,,,,,,,
[]|baan-nara-village-pool-villa-by-kanta,,,,,,,,
[]|sheraton-hua-hin-pranburi-villas,,,,,,,,
[]|milano-hua-hin-hotel,,,,,,,,
[]|v-exclude-at-casa-seaside-holiday-house,,,,,,,,
[]|black-mountain-hua-hin-resort,,,,,,,,
[]|kabantamor-resort-hua-hin,,,,,,,,
[]|sivana-gardens-pool-villas-hua-hin,,,,,,,,
[]|baan-sanpleum-beachfront-condominium,,,,,,,,
[]|marisa-villa-huahin,,,,,,,,
[]|baan-pleon-view-by-ratcharin,,,,,,,,
[]|khao-tao-lake-and-beach-villas,,,,,,,,
[]|the-royal-princess-hua-hin-by-montana,,,,,,,,
[]|bc-summer-beach,,,,,,,,
[]|whiterose-poolvilla,,,,,,,,
[]|baan-rao,,,,,,,,
[]|avaron-pool-villa,,,,,,,,
[]|ban-prew-lom,,,,,,,,
[]|we-villa-by-favstay,,,,,,,,
[]|blue-sky-pool-villa,,,,,,,,
[]|pool-villa-by-g,,,,,,,,
[]|baan-punna2-hua-hin-pool-villa,,,,,,,,
[]|baan-punna-hua-hin-pool-villa,,,,,,,,
[]|the-legacy-huahin-pool-villa,,,,,,,,
[]|boatlodge-poolvilla-hua-hin,,,,,,,,
[]|takiab-beach-pool-villa,,,,,,,,
[]|pitchayapa-hua-hin-pool-villa-holiday,,,,,,,,
[]|maui-banyan-vacation-club,,,,,,,,
[]|the-westin-nanea-ocean-villas--ka-anapali,,,,,,,,
[]|paniolo-greens-resort,,,,,,,,
[]|holua-resort,,,,,,,,
[]|kona-coast-resort,,,,,,,,
[]|marriott’s-waikoloa-ocean-club,,,,,,,,
[]|conrad-rangali-island-maldives,,,,,,,,
[]|vivanta-by-taj-coral-reef-maldives,,,,,,,,
[]|sun-aqua-vilureef-maldives,,,,,,,,
[]|the-residence-maldives,,,,,,,,
[]|royal-island-resort-spa-maldives,,,,,,,,
['海滨别墅 (Beach Front Villa)', '水上别墅 (Water Villa)', '双卧室套房 (2 Bedroom Suite)', '海滩别墅 (Beach Villa)']|medhufushi-island-resort,,,,,
[]|lily-beach-resort-spa-maldives,,,,,,,,
['海滩别墅-带水疗浴缸|含3餐 (Beach Villa with Jacuzzi Full Board)', '海滩别墅-含三餐 (Beach Villa Full Board)', '海滩高级别墅-带水疗浴缸|含三餐 (Superior Beach Villa with Jacuzzi Full Board)', '豪华海滩别墅-带水疗浴缸|含3餐 (Deluxe Beach Villa with Jacuzzi Full Board)', '双卧室套房 (Two Bedroom Suite)', '水上别墅-含三餐|带水疗浴缸 (Water Villa with Jacuzzi Full Board)', '豪华水上别墅 (Deluxe Water Villa)', '泳池别墅 (Pool Villa)', 'Thundi水上别墅-带独立泳池 (Thundi Water Villa with Private Pool)']|kuramathi-maldives
[]|jumeirah-vittaveli-maldives,,,,,,,,
[]|filitheyo-island-resort,,,,,,,,
['花园别墅 (Garden Villa)', '海滩别墅-带独立泳池 (Beach Villa with Private Pool)', '海滩套房-有泳池 (Beach Suite with Pool)', '日落海滩套房 (Sunset Beach Suite)', '带游泳池的海洋别墅 (Ocean Villa with Pool)', '日落环礁湖套房 (Sunset Lagoon Suite)', '日落海景套房 (Sunset Ocean Suite)', '海洋家庭套房 (Family Ocean Suite)', '皇家海洋套房 (Royal Ocean Suite)']|ayada-maldives
[]|adaaran-prestige-vadoo-maldives,,,,,,,,
[]|adaaran-prestige-water-villas-maldives--premium-all-inclusive,,,,,,,,
[]|atmosphere-kanifushi-maldives-a-premium-all-inclusive-resort,,,,,,,,
[]|maafushivaru-maldives,,,,,,,,
[]|vakarufalhi-island-resort,,,,,,,,
[]|cheval-blanc-randheli-maldives,,,,,,,,
[]|oblu-by-atmosphere-at-helengeli-all-inclusive-maldives,,,,,,,,
[]|clubmed-fino-maldives,,,,,,,,
[]|herathera-island-resort,,,,,,,,
[]|cocoon-maldives,,,,,,,,
[]|finolhu-maldives,,,,,,,,
[]|mercure-kooddoo-resort-maldives,,,,,,,,
[]|kudafushi-resort-spa,,,,,,,,
[]|ozen-by-atmosphere-at-maadhoo,,,,,,,,
[]|milaidhoo-island-maldives,,,,,,,,
[]|amaya-kuda-rah-maldives,,,,,,,,
[]|drift-thelu-veliga-retreat,,,,,,,,
[]|ancasa-residences,,,,,,,,
[]|beyond-resortC-adults-only,,,,,,,,
[]|laguna-villas-yao-noi,,,,,,,,
['别墅 (Home)']|otani-house-traditional-japanese-house-perfect-for-big-group,,,,,,,,
[]|discovery-parks-C,,,,,,,,
[]|pullman,,,,,,,,
[]|sandman-suites-guildford,,,,,,,,
[]|yarra-valley-chateau-yering-historic-house-hotel,,,,,,,,
[]|villas-paraiso-del-mar,,,,,,,,
[]|casasandra-boutique-hotel,,,,,,,,
[]|comfort-suites,,,,,,,,
[]|bayhill-inn,,,,,,,,
[]|springhill-suites-by-marriott-international-airport,,,,,,,,
[]|comfort-suites,,,,,,,,
[]|homewood-suites-by-hilton,,,,,,,,
[]|comfort-suites-chicago-oakbrook-terrace,,,,,,,,
[]|chicago-marriott-suites,,,,,,,,
[]|springhill-suites-downtown,,,,,,,,
[]|towneplace-suites-by-marriott-seattle-southcenter,,,,,,,,
[]|americas-best-value-inn,,,,,,,,
[]|blue-tree-resort-at-lake-buena-vista,,,,,,,,
[]|sheraton-vistana-resort-villas,,,,,,,,
[]|quality-suites-lake-buena-vista-near-walt-disney-world,,,,,,,,
[]|clarion-suites-maingate,,,,,,,,
[]|comfort-suites,,,,,,,,
[]|towneplace-suites-orlando-east/ucf,,,,,,,,
[]|marriott-s-sabal-palms,,,,,,,,
[]|comfort-suites-airport,,,,,,,,
[]|sheraton-suites-airport-hotel,,,,,,,,
[]|bluegreen-vacations-the-fountains--ascend-resort-collection,,,,,,,,
[]|club-orlando,,,,,,,,
[]|buena-vista-suites,,,,,,,,
[]|magic-village-resort,,,,,,,,
[]|club-de-soleil-all-suite-resort,,,,,,,,
[]|rio-all-suite-hotel-casino,,,,,,,,
[]|vdara-hotel-spa,,,,,,,,
[]|springhill-suites-convention-center,,,,,,,,
[]|towneplace-suites-by-marriott-las-vegas,,,,,,,,
[]|sunrise-inn,,,,,,,,
[]|worldmark-boulevard,,,,,,,,
[]|wyndham-grand-desert,,,,,,,,
[]|polo-towers-by-raintree,,,,,,,,
[]|suites-at-mgm-signature,,,,,,,,
[]|extended-stay-america-las-vegas-valley-view,,,,,,,,
[]|a-a-a-hotel-suites-at-signature-condo-hotel,,,,,,,,
[]|springhill-suites-o’hare,,,,,,,,
[]|chicago-marriott-suites-o-hare,,,,,,,,
[]|comfort-suites-michigan-avenue,,,,,,,,
[]|sonesta-es-suites-chicago-schaumburg,,,,,,,,
[]|hawthorn-suites-by-wyndham-northbrook,,,,,,,,
[]|hawthorn-suites-dulles-north,,,,,,,,
[]|comfort-suites-the-villages,,,,,,,,
[]|candlewood-suites-chicago-waukegan,,,,,,,,
[]|comfort-suites,,,,,,,,
[]|comfort-suites,,,,,,,,
[]|the-mutiny-luxury-suites-hotel,,,,,,,,
[]|metropole-south-beach-miami,,,,,,,,
[]|marriott-s-villas-at-doral,,,,,,,,
[]|doral-inn-suites-airport-west,,,,,,,,
[]|fortune-house-hotel-suites,,,,,,,,
[]|tides-south-beach,,,,,,,,
[]|the-alexander-hotel,,,,,,,,
[]|suites-on-south-beach,,,,,,,,
[]|ramada-miami-airport-north,,,,,,,,
[]|boulan-south-beach,,,,,,,,
[]|villa-bagatelle,,,,,,,,
[]|nassau-suite-hotel,,,,,,,,
[]|bal-harbour-quarzo-hotel,,,,,,,,
[]|bethesda-marriott-suites,,,,,,,,
[]|springhill-suites,,,,,,,,
[]|residence-inn-downtown,,,,,,,,
[]|cambria-hotel-suites,,,,,,,,
[]|residence-inn-boston/andover,,,,,,,,
[]|sonesta-es-suites-boston,,,,,,,,
[]|quality-inn,,,,,,,,
[]|sonesta-es-suites-south-brunswick-princeton,,,,,,,,
[]|sonesta-es-suites,,,,,,,,
[]|days-inn-east-windsor,,,,,,,,
[]|residence-inn-capital-beltway,,,,,,,,
[]|comfort-suites,,,,,,,,
[]|ramada-inn-/-napa-valley-area,,,,,,,,
[]|cambria-hotel-suites-downtown,,,,,,,,
[]|days-inn-quantico,,,,,,,,
[]|comfort-suites-near-potomac-mills,,,,,,,,
[]|springhill-suites,,,,,,,,
[]|springhill-suites-southwest,,,,,,,,
[]|springhill-suites-orlando-north/sanford,,,,,,,,
[]|red-lion-inn-and-suites,,,,,,,,
[]|travelodge-ocean-front,,,,,,,,
[]|embassy-suites-san-francisco-airport-south-san-francisco,,,,,,,,
[]|aka-white-house,,,,,,,,
[]|the-district-by-hilton-club,,,,,,,,
[]|embassy-suites-by-hilton,,,,,,,,
[]|homewood-suites-by-hilton-downtown,,,,,,,,
[]|comfort-suites,,,,,,,,
[]|super-8,,,,,,,,
[]|maritim-konferenzhotel,,,,,,,,
[]|kiroro-resort,,,,,,,,
[]|kylin-mountain-villajeju,,,,,,,,
[]|jeju-cuny-pension,,,,,,,,
[]|pureunbada-pension-jeju,,,,,,,,
[]|sanbangsan-morning-pension,,,,,,,,
[]|bagumji-pension,,,,,,,,
[]|muang-thong-home-for-rent,,,,,,,,
[]|ktk-regent-suite,,,,,,,,
[]|the-monaco-residence,,,,,,,,
[]|the-paradise-residence-condo-1,,,,,,,,
[]|vattui-beach-villa-jomtien,,,,,,,,
[]|sea-two-pool-villa-resort,,,,,,,,
[]|the-ville-jomtien-pool-villa-resort,,,,,,,,
[]|the-a-a-residence,,,,,,,,
[]|long-beach-pavilion,,,,,,,,
[]|unique-paradise-resort,,,,,,,,
[]|arabella-villas,,,,,,,,
[]|tortuga-villas,,,,,,,,
[]|baan-chai-nam,,,,,,,,
[]|weekend-villa-dharawadi-exclusive-private-pool-villa,,,,,,,,
[]|the-monttra,,,,,,,,
[]|vip-villas-green-residence-jomtien-beach,,,,,,,,
[]|naklua-pool-villa-by-sunny-rentals,,,,,,,,
[]|vip-villas-tropicana-jomtien-beach,,,,,,,,
[]|grand-siam-villa,,,,,,,,
[]|bueng-bua-thong-resort,,,,,,,,
[]|pattaya-villa,,,,,,,,
[]|the-ville-pool-villa-jomtien,,,,,,,,
[]|grand-condo-orchid-pool-villa,,,,,,,,
[]|grand-condo-lotus-pool-villa,,,,,,,,
[]|at-home-resort,,,,,,,,
[]|sweet-villa,,,,,,,,
[]|cartoon-network-paradise-villa,,,,,,,,
[]|nowhere-villa,,,,,,,,
[]|long-beach-luxury-villas,,,,,,,,
[]|debonair-grand-villa,,,,,,,,
[]|cetus-beachfront-panorama-seaview,,,,,,,,
[]|club-apartments,,,,,,,,
[]|hide-land-the-luxurious-tropical-villa,,,,,,,,
[]|seaview-homes,,,,,,,,
[]|rammantra-bangsaray,,,,,,,,
[]|dream-villas-by-walking-street,,,,,,,,
[]|momo-cosy-villa-3-bedroom-near-walking-street,,,,,,,,
[]|trend-apartment-suite,,,,,,,,
[]|beverly-hills,,,,,,,,
[]|grand-condo-jasmine-pool-villa,,,,,,,,
[]|house-by-the-sea,,,,,,,,
[]|khun-mai-villa,,,,,,,,
[]|chonsky-homestay,,,,,,,,
[]|chill-pool-villa,,,,,,,,
[]|jk-marine-sea-and-fishing,,,,,,,,
[]|adare-pool-villas-1,,,,,,,,
[]|baan-cha-lier-sook-bangsaray,,,,,,,,
[]|thaillywood-palace,,,,,,,,
[]|cocka2-bar,,,,,,,,
[]|condo-atlantis-by-chutiyaorn,,,,,,,,
[]|the-three-elephants,,,,,,,,
[]|best-villa-with-jacuzzi-and-pool-in,,,,,,,,
[]|varee-paradise-villa,,,,,,,,
[]|vip-villas-pool-villa-phratamnak,,,,,,,,
[]|3br-pool-bbq-holiday-cottage-thepprasit-by-grandisvillas,,,,,,,,
[]|villa-la-majestic,,,,,,,,
[]|bannrommai-sattahip,,,,,,,,
[]|baan-klang-dao-resort-(sattahip),,,,,,,,
[]|view-talay-5c,,,,,,,,
[]|bbg-seaside-luxurious-service-apartment,,,,,,,,
[]|j-town-serviced-apartments,,,,,,,,
[]|iyarintara-resort-chiang-mai,,,,,,,,
[]|veranda-high-residence,,,,,,,,
[]|jirung-health-village,,,,,,,,
[]|dhabkwan-resort-and-spa,,,,,,,,
[]|baan-fern-talay-cha-am,,,,,,,,
[]|sunvillas-hua-hin-blue-lagoon,,,,,,,,
[]|the-residence-hua-hin-pool-villa,,,,,,,,
[]|zea-za-village,,,,,,,,
[]|nattagan-resort,,,,,,,,
[]|cha-am-pool-villa,,,,,,,,
[]|teddy-bear-villa-hua-hin,,,,,,,,
[]|baan-powpool,,,,,,,,
[]|blue-sapphire,,,,,,,,
[]|baan-siriporn-resort,,,,,,,,
[]|aishwarya-exclusive-villas,,,,,,,,
[]|trinity-gardens,,,,,,,,
[]|kubu-alas-tunggal-villa,,,,,,,,
[]|villa-chunga-changa-kuta,,,,,,,,
[]|iberostar-grand-hotel-el-mirador-adults-only,,,,,,,,
[]|iberostar-grand-hotel-salome-adults-only,,,,,,,,
[]|zafiro-palace-alcudia,,,,,,,,
[]|santos-ibiza-suites,,,,,,,,
[]|bon-sol-prestige,,,,,,,,
[]|comfort-inn-suites,,,,,,,,
[]|fp-house-in-osaka-k,,,,,,,,
[]|ao-private-whole-house-j17,,,,,,,,
[]|the-green-terrace,,,,,,,,
[]|villabu-resort,,,,,,,,
[]|konpeki-the-villa-all-suite,,,,,,,,
[]|villa-hills-resort-okinawa,,,,,,,,
[]|panorama-ocean-view-cottage,,,,,,,,
[]|one-suite-hotel-and-resort-kouri-island,,,,,,,,
[]|mukaka-villa,,,,,,,,
[]|la-casita-kouri,,,,,,,,
[]|villa-nagomi,,,,,,,,
[]|bang-saray-pool-villa-by-pattaya-sunny-rentals,,,,,,,,
[]|pom-pom-island-resort-spa,,,,,,,,
[]|fanny-vacation-home,,,,,,,,
[]|koh-jum-beach-villas-krabi,,,,,,,,
[]|the-beach-boutique-resort,,,,,,,,
[]|coral-reef-inn-condo-suites,,,,,,,,
[]|plantation-hale-suites,,,,,,,,
[]|wyndham-bali-hai,,,,,,,,
[]|boracay-west-cove,,,,,,,,
[]|the-sitio-villas-suites,,,,,,,,
[]|monaco-suites-de,,,,,,,,
[]|mandala-spa-and-villas,,,,,,,,
[]|tanawin-resort-luxury-apartments,,,,,,,,
[]|zoe-mei-resort,,,,,,,,
[]|cohiba-villas-apartment,,,,,,,,
[]|gemtalk-suites,,,,,,,,
[]|boracay-amor-apartments,,,,,,,,
[]|super-8-stroudsburg,,,,,,,,
[]|best-western-premier-saratoga-resort-villas,,,,,,,,
[]|star-island-resort-and-club,,,,,,,,
[]|bahama-bay-resort-by-wyndham-vacation-rentals,,,,,,,,
[]|regal-oaks-a-clc-world-resort,,,,,,,,
[]|hotel-thesoom-forest,,,,,,,,
[]|alanta-villa-krabi,,,,,,,,
[]|baan-kantiang-see-villa-resort-krabi,,,,,,,,
[]|baan-laanta-resort-spa-krabi,,,,,,,,
[]|escape-cabins,,,,,,,,
[]|chalaroste-lanta-the-private-resort,,,,,,,,
[]|nuibay-sunset-villa-7,,,,,,,,
[]|seagull-villa-bungasaree,,,,,,,,
[]|the-other-side-villas,,,,,,,,
[]|sanggaou-seafood-restaurant-and-bungalows,,,,,,,,
[]|penn-sunset-villa-12,,,,,,,,
[]|ayres-hotel-fountain-valley/,,,,,,,,
[]|ayres-hotel,,,,,,,,
[]|marriott-s-newport-coast-villas,,,,,,,,
[]|best-western-plus-irvine-spectrum-hotel,,,,,,,,
[]|ayres-hotel-and-spa,,,,,,,,
[]|dolphin-s-cove-resort,,,,,,,,
[]|stanton-inn-suites,,,,,,,,
[]|great-wolf-lodge-southern-california,,,,,,,,
[]|puente-romano-beach-resort-spa,,,,,,,,
[]|sol-house-costa-del-sol-mixed-by-ibiza-rocks,,,,,,,,
[]|eurostars-golf-spa,,,,,,,,
[]|holiday-world-premium-resort,,,,,,,,
[]|apartamentos-stella-maris,,,,,,,,
[]|natural-village,,,,,,,,
[]|haadtien-beach-resort,,,,,,,,
[]|monkey-flower-villas,,,,,,,,
[]|pariya-resort-villas-haad-yuan,,,,,,,,
[]|kupu-kupu-phangan-beach-villas-spa-by-l’occitane,,,,,,,,
[]|summer-luxury-beach-resort,,,,,,,,
[]|villa-360-koh-phi-phi,,,,,,,,
[]|okinawa-the-uza-terrace-beach-club-villas,,,,,,,,
[]|clove-hall-boutique-guesthouse,,,,,,,,
[]|desa-pelangi-condo-penang,,,,,,,,
[]|chymes-hotel,,,,,,,,
[]|the-northam-all-suite-penang,,,,,,,,
[]|you-le-yuen,,,,,,,,
[]|atserene-boutique-villas-batu-ferringhi,,,,,,,,
[]|batu-ferringhi-shamrock-beach-villas--penang,,,,,,,,
[]|atserene-boutique-villa-11,,,,,,,,
[]|luxfort-118-service-suites-penang,,,,,,,,
[]|shamrock-beach-penang-villa-20,,,,,,,,
[]|shamrock-beach-villas-batu-ferringhi-penang,,,,,,,,
[]|rangoon-residence-penang,,,,,,,,
[]|penang-the-one-hilltop-sea-view-villa,,,,,,,,
[]|vouk-suites-mansion-one--penang,,,,,,,,
[]|homeaway-townhouse-1934-penang,,,,,,,,
[]|tropics-eight-suites-penang,,,,,,,,
[]|gayana-eco-resort,,,,,,,,
[]|bunga-raya-island-resort-spa,,,,,,,,
[]|borneo-beach-villas,,,,,,,,
[]|marina-travellers-suite-at-sky-karamunsing,,,,,,,,
[]|qq-boutique-service-apartment,,,,,,,,
[]|sabah-beach-villas-suites,,,,,,,,
[]|brasil-suites-boutique-hotel,,,,,,,,
[]|theoxenia-house-hotel,,,,,,,,
[]|blazer-suites-hotel,,,,,,,,
[]|andronis,,,,,,,,
[]|47-luxury-suites,,,,,,,,
[]|bed-in-the-treetops-b-b,,,,,,,,
[]|ramada-resort-kooralbyn-valley,,,,,,,,
[]|la-quinta-inn-suites-meadowlands,,,,,,,,
[]|la-quinta-inn-suites-deerfield,,,,,,,,
[]|best-western-plus-hotel-suites,,,,,,,,
[]|staybridge-suites-ft--lauderdale-plantation,,,,,,,,
[]|sheraton-suites--ft-lauderdale-west,,,,,,,,
[]|extended-stay-america-fort-lauderdale-plantation,,,,,,,,
[]|comfort-suites-weston,,,,,,,,
[]|extended-stay-america-fort-lauderdale-cypress-creek-andrews-ave-,,,,,,,,
[]|super-8,,,,,,,,
[]|quality-inn-suites-quantico,,,,,,,,
[]|washington-dulles-marriott-suites,,,,,,,,
[]|springhill-suites-reston,,,,,,,,
[]|springhill-suites,,,,,,,,
[]|hawthorn-suites-by-wyndham-allentown-fogelsville,,,,,,,,
[]|springhill-suites-chantilly,,,,,,,,
[]|comfort-suites-dulles-airport,,,,,,,,
[]|comfort-suites,,,,,,,,
[]|super-8-prince-frederick,,,,,,,,
[]|isla-baja-suites,,,,,,,,
[]|hotel-som-far,,,,,,,,
[]|aparthotel-galeon-suites,,,,,,,,
[]|hotel-spa-la-quinta-park-suites,,,,,,,,
[]|ac-hotel-victoria-suites,,,,,,,,
[]|urban-district-vintage-suites,,,,,,,,
[]|retrome,,,,,,,,
[]|ainb-born-dames-apartments,,,,,,,,
[]|ainb-las-ramblas-colon-apartments,,,,,,,,
[]|luxury-suites,,,,,,,,
[]|apartamentos-cruz,,,,,,,,
[]|hotel-las-aguilas,,,,,,,,
[]|apartamentos-masaru,,,,,,,,
[]|hotel-tropical,,,,,,,,
[]|hotel-diamante-suites,,,,,,,,
[]|sweet-hotel-masia-de-lacy,,,,,,,,
[]|villa-rothschild-kempinski,,,,,,,,
[]|novotel-suites-paris-issy-les-moulineaux,,,,,,,,
[]|novotel-suites-paris-rueil-malmaison,,,,,,,,
[]|novotel-suites-paris-stade-de-france,,,,,,,,
[]|all-suites-appart-hotel-choisy-le-roi,,,,,,,,
[]|hotel-suite-villa-maria,,,,,,,,
[]|royal-garden-villas,,,,,,,,
[]|days-inn,,,,,,,,
[]|super-8,,,,,,,,
